개방서비스명,개방자치단체코드,관리번호,인허가일자,상세영업상태명,소재지우편번호,소재지전체주소,도로명전체주소,도로명우편번호,사업장명,업태구분명,좌표정보X(EPSG5174),좌표정보Y(EPSG5174),의료기관종별명,의료인수,입원실수,병상수,총면적,진료과목내용,진료과목내용명
병원,3000000,PHMA220043000034021200001,2004-09-01,영업중,,,서울특별시 종로구 대학로 101 (연건동),03080,서울대학교치과병원,치과병원,199824.095974723    ,452984.360451452    ,치과병원,250,15,40,20778.51,109 402 403 404 405 406 407 408 409 410,"마취통증의학과, 구강악안면외과, 치과보철과, 치과교정과, 소아치과, 치주과, 치과보존과, 구강내과, 영상치의학과, 구강병리과"
병원,3010000,PHMA220003010033021200001,2000-08-10,영업중,100-706,서울특별시 중구 충무로1가 25번지 5호 고려대연각센터빌딩 3층 306호,"서울특별시 중구 퇴계로 97, 3층 306호 (충무로1가, 고려대연각센터빌딩)",04535,한누리치과병원,치과병원,198388.365585519    ,450963.241815173    ,치과병원,3,0,0,302.6,407 406 405 404 403,"치과보철과, 치과교정과, 소아치과, 치주과, 치과보존과"
병원,3010000,PHMA220063010033021200002,2006-06-22,영업중,,서울특별시 중구 을지로6가 18-185 밀리오레상가건물,"서울특별시 중구 장충단로 263, 밀리오레상가건물 14층 (을지로6가)",04563,더블유치과병원,치과병원,200664.582936542    ,451781.8683954      ,치과병원,2,0,0,147.94,403 404 405 406 407 408 412,"치과보철과, 치과교정과, 소아치과, 치주과, 치과보존과, 구강내과, 통합치의학과"
병원,3010000,PHMA220063010033021200003,2006-11-20,영업중,100-829,서울특별시 중구 신당동 336번지 3호,"서울특별시 중구 다산로 175, 3층 (신당동, 명덕빌딩)",04608,유치과병원,치과병원,201064.963697104    ,450779.720971036    ,치과병원,3,0,0,204.8,406 405 404 403 402,"구강악안면외과, 치과보철과, 치과교정과, 소아치과, 치주과"
병원,3010000,PHMA220103010033021200003,2010-09-30,영업중,,서울특별시 중구 명동1가 53번지 1호 7층,"서울특별시 중구 명동길 43, 7층 (명동1가, 신한은행)",04534,라임나무치과병원,치과병원,198582.339705178    ,451302.602871612    ,치과병원,4,0,0,533,403 404 406 407,"치과보철과, 치과교정과, 치주과, 치과보존과"
병원,3010000,PHMA220113010033021200002,2011-10-28,영업중,,서울특별시 중구 황학동 2523 황학 아크로타워,"서울특별시 중구 퇴계로 447, 221~213호 (황학동, 황학 아크로타워)",04575,연세스위트치과병원,치과병원,201866.039519433    ,451543.337800303    ,치과병원,3,0,0,294.3,403 404 406 407 412,"치과보철과, 치과교정과, 치주과, 치과보존과, 통합치의학과"
병원,3030000,PHMA220053030033021200001,2005-08-11,영업중,,,서울특별시 성동구 마장로 207 (홍익동),04706,서울특별시장애인치과병원,치과병원,202827.973126186    ,451607.692035272    ,치과병원,13,0,0,1732.35,412 411 409 407 406 405 403 402 109,"마취통증의학과, 구강악안면외과, 치과보철과, 소아치과, 치주과, 치과보존과, 영상치의학과, 예방치과, 통합치의학과"
병원,3040000,PHMA220043040033021200001,2004-06-11,영업중,,,서울특별시 광진구 천호대로 556 (능동),04985,광진예치과병원,치과병원,206972.721585135    ,450495.893226514    ,치과병원,4,0,0,363.75,411 409 408 407 406 404 403 402,"구강악안면외과, 치과보철과, 치과교정과, 치주과, 치과보존과, 구강내과, 영상치의학과, 예방치과"
병원,3040000,PHMA220083040033021200002,2008-01-18,영업중,,,"서울특별시 광진구 능동로 103, 3.4층 (화양동)",05017,에스(S)리더치과병원,치과병원,206163.281973626    ,448682.578827966    ,치과병원,7,0,0,527.87,402 403 404 412,"구강악안면외과, 치과보철과, 치과교정과, 통합치의학과"
병원,3050000,PHMA220193050034021200002,2019-10-30,영업중,,서울특별시 동대문구 답십리동 94번지 9호 목련빌딩 3층,"서울특별시 동대문구 전농로 102, 3층 (답십리동)",02538,엘치과병원,치과병원,205049.095910832    ,452418.270436454    ,치과병원,3,0,0,270.6,411 407 406 404 403,"치과보철과, 치과교정과, 치주과, 치과보존과, 예방치과"
병원,3050000,PHMA219923050034021200001,1992-11-12,영업중,130-874,서울특별시 동대문구 휘경2동 20번지 산6-7,서울특별시 동대문구 망우로 82 (휘경동),02500,삼육치과병원,치과병원,205524.023053517    ,453898.370691821    ,치과병원,19,0,0,2443,410 409 408 407 406 405 404 403 402,"구강악안면외과, 치과보철과, 치과교정과, 소아치과, 치주과, 치과보존과, 구강내과, 영상치의학과, 구강병리과"
병원,3050000,PHMA219713050034021200003,1971-10-05,영업중,,서울특별시 동대문구 회기동 1번지 5호,"서울특별시 동대문구 경희대로 23 (회기동, 경희의료원)",02447,경희대학교치과병원,치과병원,204469.209049094    ,454934.047367752    ,치과병원,155,3,12,2219,409 408 407 406 405 404 403 402,"구강악안면외과, 치과보철과, 치과교정과, 소아치과, 치주과, 치과보존과, 구강내과, 영상치의학과"
병원,3050000,PHMA220033050034021200002,2003-12-22,영업중,130-110,서울특별시 동대문구 하정로 4(신설동 117-21),서울특별시 동대문구 천호대로 2 (신설동),02586,시카고치과병원,치과병원,202012.621510207    ,452528.193161719    ,치과병원,1,0,0,242,411 410 409 408 407 406 405 404 403 402,"구강악안면외과, 치과보철과, 치과교정과, 소아치과, 치주과, 치과보존과, 구강내과, 영상치의학과, 구강병리과, 예방치과"
병원,3080000,PHMA219953080033021200001,1995-07-20,영업중,,서울특별시 강북구 번동 418번지 1호,"서울특별시 강북구 도봉로 358 (번동, 코스타타워)",01063,경희치과병원,치과병원,202343.387488819    ,459654.425206785    ,치과병원,5,0,0,232.12,411 409 408 407 406 405 404 403 402,"구강악안면외과, 치과보철과, 치과교정과, 소아치과, 치주과, 치과보존과, 구강내과, 영상치의학과, 예방치과"
병원,3090000,PHMA220053090033021200001,2005-05-02,영업중,132-893,서울특별시 도봉구 쌍문동 657번지 예일빌딩5층,"서울특별시 도봉구 도봉로 569, 5층 (쌍문동, 준우빌딩)",01432,로덴성문치과병원,치과병원,203334.767507709    ,461499.945330147    ,치과병원,1,0,0,310,201 202 203 204 205 206 207 208 209 210,"구강악안면외과, 치과보철과, 치과교정과, 소아치과, 치주과, 치과보존과, 구강내과, 구강악안면방사선과, 구강병리과, 예방치과"
병원,3100000,PHMA220193100034021200002,2019-03-26,영업중,,,"서울특별시 노원구 노해로 488, 근호빌딩 5층 502호 (상계동)",01751,샤인치과교정과 치과병원,치과병원,205415.542386681    ,461328.596334115    ,치과병원,3,0,0,155.8,402 403 404 405 406 407 408 409 410 411 412,"구강악안면외과, 치과보철과, 치과교정과, 소아치과, 치주과, 치과보존과, 구강내과, 영상치의학과, 구강병리과, 예방치과, 통합치의학과"
병원,3100000,PHMA220043100034021200001,2004-01-02,영업중,,,"서울특별시 노원구 노해로81길 5-6, 노원스퀘어 5-7층 (상계동)",01695,노원 강북예치과병원,치과병원,205444.948194671    ,461429.231418268    ,치과병원,3,0,0,446.48,402 403 404 405 406 407 408 411 412,"구강악안면외과, 치과보철과, 치과교정과, 소아치과, 치주과, 치과보존과, 구강내과, 예방치과, 통합치의학과"
병원,3100000,PHMA220103100034021200001,2010-01-20,영업중,139-816,서울특별시 노원구 상계동 292번지 1호 와우쇼핑몰 5층,"서울특별시 노원구 노해로 507, 5층 (상계동, 와우쇼핑몰)",01695,다인치과병원,치과병원,205557.013355638    ,461441.687971047    ,치과병원,4,0,0,1024,411 410 409 408 407 406 405 404 403 402,"구강악안면외과, 치과보철과, 치과교정과, 소아치과, 치주과, 치과보존과, 구강내과, 영상치의학과, 구강병리과, 예방치과"
병원,3110000,PHMA220063110032021200001,2006-08-03,영업중,,서울특별시 은평구 대조동 187번지 51호,서울특별시 은평구 통일로 809-1 (대조동),03385,문치과병원,치과병원,193196.242475972    ,457089.719123723    ,치과병원,2,0,0,420.49,411 410 409 408 407 406 405 404 403,"치과보철과, 치과교정과, 소아치과, 치주과, 치과보존과, 구강내과, 영상치의학과, 구강병리과, 예방치과"
병원,3120000,PHMA220153120033021200002,2015-07-01,영업중,,서울특별시 서대문구 창천동 13-2 준성빌딩,"서울특별시 서대문구 명물길 32, 준성빌딩 2,3층 (창천동)",03777,잎사귀치과병원,치과병원,194491.307019287    ,450646.576957423    ,치과병원,2,0,0,487.94,404 204 206 209 208 207 210 403,"소아치과, 치과보존과, 구강내과, 구강악안면방사선과, 구강병리과, 예방치과, 치과보철과, 치과교정과"
병원,3120000,PHMA219743120033021200001,1974-04-01,영업중,,서울특별시 서대문구 신촌동 134번지,서울특별시 서대문구 연세로 50-1 (신촌동),03722,연세대학교치과대학치과병원,치과병원,194584.959249312    ,451381.585492051    ,치과병원,205,3,8,17156.56,412 410 409 408 407 406 405 404 403 402,"구강악안면외과, 치과보철과, 치과교정과, 소아치과, 치주과, 치과보존과, 구강내과, 영상치의학과, 구강병리과, 통합치의학과"
병원,3130000,PHMA220133130033021200002,2013-08-21,영업중,,서울특별시 마포구 도화동 566번지 자람빌딩 3층,"서울특별시 마포구 마포대로 78, 자람빌딩 3층 (도화동)",04168,한그루치과병원,치과병원,195494.021183312    ,448852.379796745    ,치과병원,4,0,0,455.2,402 403 404 405 406 407 408 409 411 410,"구강악안면외과, 치과보철과, 치과교정과, 소아치과, 치주과, 치과보존과, 구강내과, 영상치의학과, 구강병리과, 예방치과"
병원,3130000,PHMA220153130033021200001,2015-03-13,영업중,,"서울특별시 마포구 노고산동 57번지 1호 그랜드플라자 10층,11층","서울특별시 마포구 신촌로 94, 10층,11층 (노고산동, 그랜드플라자)",04058,신촌다인치과병원,치과병원,194273.598098938    ,450318.724130121    ,치과병원,8,0,0,1197.26,412 411 410 409 408 407 406 405 404 403 402,"구강악안면외과, 치과보철과, 치과교정과, 소아치과, 치주과, 치과보존과, 구강내과, 영상치의학과, 구강병리과, 예방치과, 통합치의학과"
병원,3140000,PHMA219973140033021200001,1997-12-15,영업중,158-857,서울특별시 양천구 신정동 907번지 12호,서울특별시 양천구 오목로 199 (신정동),07945,목동예치과병원,치과병원,187522.738998577    ,447059.720049471    ,치과병원,11,0,0,868.71,411 410 409 408 407 406 405 404 403 402,"구강악안면외과, 치과보철과, 치과교정과, 소아치과, 치주과, 치과보존과, 구강내과, 영상치의학과, 구강병리과, 예방치과"
병원,3140000,PHMA220023140033021200001,2002-12-31,영업중,,서울특별시 양천구 신정동 888-47,"서울특별시 양천구 신정중앙로 103, 3층 (신정동)",07938,삼성새로이치과병원,치과병원,187852.723365018    ,447149.18316504     ,치과병원,1,0,0,288,412 411 410 409 408 407 406 405 404 403 402,"구강악안면외과, 치과보철과, 치과교정과, 소아치과, 치주과, 치과보존과, 구강내과, 영상치의학과, 구강병리과, 예방치과, 통합치의학과"
병원,3140000,PHMA220093140033021200001,2009-05-19,영업중,,,"서울특별시 양천구 목동서로 285, 황금프라자 10층 (신정동)",08011,목동중앙치과병원,치과병원,188363.725402734    ,446631.246949745    ,치과병원,1,0,0,544.1,402 403 404 405 406 407,"구강악안면외과, 치과보철과, 치과교정과, 소아치과, 치주과, 치과보존과"
병원,3150000,PHMA220093150037021200001,2009-07-17,영업중,,서울특별시 강서구 화곡동 114-100 세웅빌딩,"서울특별시 강서구 화곡로 186, 세웅빌딩 1~5,6층일부층 (화곡동)",07727,더와이즈치과병원,치과병원,185980.84281788     ,448892.642715531    ,치과병원,12,0,0,487.4,412 411 410 409 408 407 406 404 403 402,"구강악안면외과, 치과보철과, 치과교정과, 치주과, 치과보존과, 구강내과, 영상치의학과, 구강병리과, 예방치과, 통합치의학과"
병원,3150000,PHMA220083150037021200002,2008-12-08,영업중,,서울특별시 강서구 화곡동 1076-1,"서울특별시 강서구 화곡로 176-4, 5층 (화곡동)",07727,서울바로나치과병원,치과병원,185892.433353743    ,448833.020780674    ,치과병원,2,0,0,244.2,412 410 409 408 407 406 405 404 403 402,"구강악안면외과, 치과보철과, 치과교정과, 소아치과, 치주과, 치과보존과, 구강내과, 영상치의학과, 구강병리과, 통합치의학과"
병원,3150000,PHMA220033150037021200003,2003-08-22,영업중,,서울특별시 강서구 등촌동 673-1,"서울특별시 강서구 공항대로 281, 3층 (등촌동)",07591,로고스치과병원,치과병원,185691.656792662    ,450741.08614923     ,치과병원,4,0,0,255.7,412 407 404 403 402,"구강악안면외과, 치과보철과, 치과교정과, 치과보존과, 통합치의학과"
병원,3160000,PHMA220043160034021200007,2004-10-01,영업중,,,서울특별시 구로구 새말로 110 (구로동),08289,마루치과병원,치과병원,190383.322395563    ,444896.37675407     ,치과병원,2,0,0,593.7,402 403 404 405 406 407 408 411,"구강악안면외과, 치과보철과, 치과교정과, 소아치과, 치주과, 치과보존과, 구강내과, 예방치과"
병원,3190000,PHMA220073190033021200001,2007-06-04,영업중,156-827,서울특별시 동작구 사당동 1042번지 12호 3층,"서울특별시 동작구 동작대로 13, 3층 (사당동)",07025,따뜻한치과병원,치과병원,198266.295706794    ,441733.336446511    ,치과병원,4,0,0,308,201 202 203 204 205 206 207 208 209 210,"구강악안면외과, 치과보철과, 치과교정과, 소아치과, 치주과, 치과보존과, 구강내과, 구강악안면방사선과, 구강병리과, 예방치과"
병원,3190000,PHMA220183190033021200001,2018-06-22,영업중,,서울특별시 동작구 사당동 138번지 3호 사당동 주상복합,"서울특별시 동작구 동작대로27다길 26, 2층 (사당동, 사당동 주상복합)",07008,내이처럼치과병원,치과병원,198181.94693414     ,442684.335470718    ,치과병원,4,0,0,477.27,412 407 405 404 403 402 101,"내과, 구강악안면외과, 치과보철과, 치과교정과, 소아치과, 치과보존과, 통합치의학과"
병원,3200000,PHMA220153200033021200002,2015-02-17,영업중,,,"서울특별시 관악구 관악로 1, 지1~3층 (신림동)",08826,관악서울대학교치과병원,치과병원,196139.864969792    ,439023.167125842    ,치과병원,10,0,0,1899.45,401 402 403 404 405 406 407 408 409,"치과, 구강악안면외과, 치과보철과, 치과교정과, 소아치과, 치주과, 치과보존과, 구강내과, 영상치의학과"
병원,3210000,PHMA220083210034021200003,2008-11-04,영업중,,서울특별시 서초구 서초동 1586-4,"서울특별시 서초구 효령로 261-1, 4,5,6,7층 (서초동)",06653,서울탑치과병원,치과병원,201064.364905095    ,442490.721676866    ,치과병원,5,0,0,380.53,412 411 410 409 408 407 406 405 404 403 402,"구강악안면외과, 치과보철과, 치과교정과, 소아치과, 치주과, 치과보존과, 구강내과, 영상치의학과, 구강병리과, 예방치과, 통합치의학과"
병원,3210000,PHMA220013210034021200001,2001-09-18,영업중,,,"서울특별시 서초구 방배로 245, 3층 (방배동, 현대클리닉빌딩)",06557,필치과병원,치과병원,198946.325553017    ,443620.452896965    ,치과병원,1,0,0,329.56,402 403 404 406 407,"구강악안면외과, 치과보철과, 치과교정과, 치주과, 치과보존과"
병원,3210000,PHMA220093210034021200003,2009-07-09,영업중,137-930,"서울특별시 서초구 반포동 20번지 45호 반포자이프라자 403, 404호","서울특별시 서초구 잠원로 24, 403,404호 (반포동, 반포자이프라자)",06544,서울귀한이치과병원,치과병원,200800.417027918    ,444989.874340522    ,치과병원,1,0,0,177.84,411 410 409 408 407 406 405 404 403 402,"구강악안면외과, 치과보철과, 치과교정과, 소아치과, 치주과, 치과보존과, 구강내과, 영상치의학과, 구강병리과, 예방치과"
병원,3210000,PHMA220043210034021200001,2004-01-02,영업중,,,"서울특별시 서초구 방배로 177, 4~6층 (방배동)",06572,가야치과병원,치과병원,199245.439853629    ,443009.301109201    ,치과병원,5,0,0,697.58,403 404 406 407,"치과보철과, 치과교정과, 치주과, 치과보존과"
병원,3210000,PHMA220213210034021200002,2021-08-30,영업중,,서울특별시 서초구 서초동 1338-21 코리아비지니스센타,"서울특별시 서초구 강남대로 309, 코리아비지니스센타 3층 (서초동)",06628,유디치과병원,치과병원,202623.297219041    ,443154.964346798    ,치과병원,2,0,0,535.71,411 407 406 403,"치과보철과, 치주과, 치과보존과, 예방치과"
병원,3220000,PHMA220183220033021200007,2018-12-07,영업중,,서울특별시 강남구 논현동 98-2,"서울특별시 강남구 언주로 728, 2~5,7~10층 (논현동)",06057,미니쉬치과병원,치과병원,203014.306499929    ,446403.195439449    ,치과병원,4,0,0,1181.84,411 408 407 406 404 403 402,"구강악안면외과, 치과보철과, 치과교정과, 치주과, 치과보존과, 구강내과, 예방치과"
병원,3220000,PHMA220203220033021200002,2015-07-13,영업중,,,"서울특별시 강남구 논현로105길 48, 1,2층 (역삼동)",06125,라이브치과병원,치과병원,202606.298810258    ,444820.311556747    ,치과병원,6,0,0,744.06,402 403 404 405 406 407 411 412,"구강악안면외과, 치과보철과, 치과교정과, 소아치과, 치주과, 치과보존과, 예방치과, 통합치의학과"
병원,3220000,PHMA220083220033021200001,2008-03-19,영업중,,서울특별시 강남구 신사동 665-1,"서울특별시 강남구 선릉로 823, 3층 (신사동)",06018,수플란트치과병원,치과병원,203403.459602989    ,447041.856582807    ,치과병원,1,0,0,165.8,411 410 409 408 407 406 405 404 403 402,"구강악안면외과, 치과보철과, 치과교정과, 소아치과, 치주과, 치과보존과, 구강내과, 영상치의학과, 구강병리과, 예방치과"
병원,3220000,PHMA220023220033021200002,2002-08-16,영업중,,서울특별시 강남구 대치동 606-1 대치탑프라자,"서울특별시 강남구 남부순환로 2941, 대치탑프라자 2층 (대치동)",06280,연치과병원,치과병원,205394.092661223    ,443559.8544451      ,치과병원,2,0,0,220.1,411 410 409 408 407 406 405 404 403 402,"구강악안면외과, 치과보철과, 치과교정과, 소아치과, 치주과, 치과보존과, 구강내과, 영상치의학과, 구강병리과, 예방치과"
병원,3220000,PHMA220073220033021200002,2007-05-21,영업중,,서울특별시 강남구 논현동 62-9,"서울특별시 강남구 도산대로 238, 1~14층 (논현동)",06048,석플란트치과병원,치과병원,202866.391852676    ,446523.214714944    ,치과병원,14,0,0,1413.61,411 407 406 403 402,"구강악안면외과, 치과보철과, 치주과, 치과보존과, 예방치과"
병원,3220000,PHMA220103220033021200002,2010-12-27,영업중,,서울특별시 강남구 삼성동 158-12 서영빌딩 14층,"서울특별시 강남구 테헤란로87길 13, 서영빌딩 14층 (삼성동)",06169,아림치과병원,치과병원,205112.755619722    ,445159.128108721    ,치과병원,4,0,0,238.27,408,구강내과
병원,3220000,PHMA220083220033021200003,2008-04-11,영업중,,서울특별시 강남구 청담동 2-6 3~8층,"서울특별시 강남구 도산대로 410, 3~8층 (청담동)",06062,에스플란트치과병원,치과병원,203510.626004375    ,446738.757759642    ,치과병원,6,0,0,1342.7,402 403 404 406 407 411,"구강악안면외과, 치과보철과, 치과교정과, 치주과, 치과보존과, 예방치과"
병원,3220000,PHMA219943220033021200001,1994-03-17,영업중,,서울특별시 강남구 신사동 623,"서울특별시 강남구 언주로165길 5, 3~4층 (신사동)",06023,서울치과병원,치과병원,202818.908706624    ,447058.234073349    ,치과병원,1,0,0,288.61,411 410 409 408 407 406 405 404 403 402,"구강악안면외과, 치과보철과, 치과교정과, 소아치과, 치주과, 치과보존과, 구강내과, 영상치의학과, 구강병리과, 예방치과"
병원,3220000,PHMA220253220033021200001,2025-04-29,영업중,,서울특별시 강남구 논현동 5-4,"서울특별시 강남구 도산대로 138, 13층 (논현동)",06039,리페이스치과병원,치과병원,202030.39113325     ,446137.667598512    ,치과병원,2,3,5,378.02,412 411 410 409 408 407 406 405 404 403 402,"구강악안면외과, 치과보철과, 치과교정과, 소아치과, 치주과, 치과보존과, 구강내과, 영상치의학과, 구강병리과, 예방치과, 통합치의학과"
병원,3220000,PHMA220213220033021200002,2021-03-27,영업중,,,"서울특별시 강남구 강남대로 390, 미진프라자 21층 (역삼동)",06232,서울페이스21치과병원,치과병원,202462.604763481    ,443960.186302868    ,치과병원,8,4,4,501.8,108 109 402 403 404 405 406 407 408 409 410 411,"성형외과, 마취통증의학과, 구강악안면외과, 치과보철과, 치과교정과, 소아치과, 치주과, 치과보존과, 구강내과, 영상치의학과, 구강병리과, 예방치과"
병원,3220000,PHMA220003220033021200002,2000-07-26,영업중,,,"서울특별시 강남구 선릉로 823, 3층 (신사동)",06018,수치과병원,치과병원,203403.459602989    ,447041.856582807    ,치과병원,1,0,0,172,412,통합치의학과
병원,3220000,PHMA220013220033021200001,2001-07-19,영업중,,,"서울특별시 강남구 테헤란로87길 36, 도심공항타워 3층 (삼성동)",06164,건강한세상앞선치과병원,치과병원,205130.591678902    ,445590.096837802    ,치과병원,2,1,1,315.56,407 406 404 403 402,"구강악안면외과, 치과보철과, 치과교정과, 치주과, 치과보존과"
병원,3230000,PHMA220193230034021200002,2019-03-19,영업중,,,"서울특별시 송파구 석촌호수로 61, 트리지움상가 201호 (잠실동)",05555,더바름치과병원,치과병원,207553.918225133    ,445383.338011122    ,치과병원,6,0,0,293.44,402 403 404 405 406 407 408 409 411 412,"구강악안면외과, 치과보철과, 치과교정과, 소아치과, 치주과, 치과보존과, 구강내과, 영상치의학과, 예방치과, 통합치의학과"
병원,3230000,PHMA220243230034021200004,2024-09-30,영업중,,서울특별시 송파구 삼전동 28-6,"서울특별시 송파구 백제고분로 196, 4층~5층 (삼전동)",05581,서울오브치과병원,치과병원,207738.048148915    ,444641.091314274    ,치과병원,2,0,0,587.22,412 411 410 409 408 407 406 405 404 403 402,"구강악안면외과, 치과보철과, 치과교정과, 소아치과, 치주과, 치과보존과, 구강내과, 영상치의학과, 구강병리과, 예방치과, 통합치의학과"
병원,3230000,PHMA219993230034021201561,1999-10-30,영업중,,,"서울특별시 송파구 중대로 68 (문정동, 훼밀리샤르망 505호)",05833,수치과병원,치과병원,210226.697751848    ,443267.228806217    ,치과병원,1,0,0,255.35,411 410 408 407 406 405 403 402,"구강악안면외과, 치과보철과, 소아치과, 치주과, 치과보존과, 구강내과, 구강병리과, 예방치과"
병원,3230000,PHMA220143230034021200005,2014-11-17,영업중,,서울특별시 송파구 신천동 11-7 사단법인 서울특별시 교통회관,"서울특별시 송파구 올림픽로 319, 사단법인 서울특별시 교통회관 2층 (신천동)",05510,케이치과병원,치과병원,209243.169349927    ,445935.092530909    ,치과병원,1,0,0,185,412 411 410 409 408 407 406 405 404 403 402,"구강악안면외과, 치과보철과, 치과교정과, 소아치과, 치주과, 치과보존과, 구강내과, 영상치의학과, 구강병리과, 예방치과, 통합치의학과"
병원,3240000,PHMA220143240033021200006,2014-11-17,영업중,,,"서울특별시 강동구 상일로10길 36, 2층 202,203호 (상일동, 세종텔레콤지식산업센터)",05288,연세미래엔미소치과병원,치과병원,215314.746342111    ,449845.751989409    ,치과병원,1,0,0,215.46,412 411 407 406 405 404 403 402,"구강악안면외과, 치과보철과, 치과교정과, 소아치과, 치주과, 치과보존과, 예방치과, 통합치의학과"
병원,3240000,PHMA220063240033021200001,2006-02-27,영업중,134-727,서울특별시 강동구 상일제1동 149번지,서울특별시 강동구 동남로 892 (상일제1동),05278,강동경희대학교치과병원,치과병원,213839.356195548    ,450118.261707983    ,치과병원,35,3,9,1100.98,408 407 406 405 404 403 402,"구강악안면외과, 치과보철과, 치과교정과, 소아치과, 치주과, 치과보존과, 구강내과"
병원,3240000,PHMA220113240033021200001,2011-10-17,영업중,,서울특별시 강동구 천호동 425-5 대우 한강 베네시티,"서울특별시 강동구 올림픽로 664, 4층 (천호동, 대우 한강 베네시티)",05328,아이엠치과병원,치과병원,210970.75707265     ,448713.31669728     ,치과병원,3,0,0,813.3,412 411 410 409 408 407 406 405 404 403 402,"구강악안면외과, 치과보철과, 치과교정과, 소아치과, 치주과, 치과보존과, 구강내과, 영상치의학과, 구강병리과, 예방치과, 통합치의학과"
병원,3270000,PHMA220183270022021200001,2018-03-15,영업중,,부산광역시 동구 초량동 1199-9,"부산광역시 동구 중앙대로 216, 2~3층 (초량동)",48733,뉴튼치과병원,치과병원,385976.207897797    ,181596.166683574    ,치과병원,2,0,0,561,411 408 407 406 403,"치과보철과, 치주과, 치과보존과, 구강내과, 예방치과"
병원,3270000,PHMA220103270022021200002,2010-12-30,영업중,,,부산광역시 동구 중앙대로 241 (초량동),48798,의료법인소맥의료재단 참상쾌한치과병원,치과병원,,,치과병원,3,0,0,243.89,412 411 410 409 408 407 406 405 404 403 402,"구강악안면외과, 치과보철과, 치과교정과, 소아치과, 치주과, 치과보존과, 구강내과, 영상치의학과, 구강병리과, 예방치과, 통합치의학과"
병원,3290000,PHMA220133290024021200002,2013-02-22,영업중,,,"부산광역시 부산진구 중앙대로 686, 지상4층 (부전동)",47296,굿윌치과병원,치과병원,387617.070073316    ,185805.778837354    ,치과병원,5,0,0,1288.45,402 403 404 406 407 408 411,"구강악안면외과, 치과보철과, 치과교정과, 치주과, 치과보존과, 구강내과, 예방치과"
병원,3290000,PHMA220133290024021200004,2013-11-06,영업중,,,"부산광역시 부산진구 서면문화로 10, 13~14층 (부전동)",47256,바른윤곽치과병원,치과병원,387415.724644705    ,186342.36247766     ,치과병원,4,4,4,576.96,412 411 409 408 407 406 404 403 402,"구강악안면외과, 치과보철과, 치과교정과, 치주과, 치과보존과, 구강내과, 영상치의학과, 예방치과, 통합치의학과"
병원,3290000,PHMA220143290024021200004,2014-12-15,영업중,,부산광역시 부산진구 부전동 255-4,"부산광역시 부산진구 서면로68번길 15, 3층 (부전동)",47286,시에스치과병원,치과병원,387502.346379816    ,186067.146459631    ,치과병원,2,0,0,324.22,412 411 409 408 407 406 404 403 402,"구강악안면외과, 치과보철과, 치과교정과, 치주과, 치과보존과, 구강내과, 영상치의학과, 예방치과, 통합치의학과"
병원,3290000,PHMA220223290024021200003,2022-12-09,영업중,,부산광역시 부산진구 부전동 398-8,"부산광역시 부산진구 서면문화로 26, 3~4층 (부전동)",47256,라인업치과병원,치과병원,387294.041345965    ,186439.717352442    ,치과병원,3,0,0,730,411 410 409 408 407 406 405 404 403 402,"구강악안면외과, 치과보철과, 치과교정과, 소아치과, 치주과, 치과보존과, 구강내과, 영상치의학과, 구강병리과, 예방치과"
병원,3290000,PHMA220233290024021200003,2023-11-20,영업중,,,"부산광역시 부산진구 범일로 177, 에이플러스에셋부산빌딩 13, 14층 (범천동)",47358,플란치과병원,치과병원,387557.399410445    ,184898.831771132    ,치과병원,8,0,0,783.11,402 403 406 407 408 409 411 412,"구강악안면외과, 치과보철과, 치주과, 치과보존과, 구강내과, 영상치의학과, 예방치과, 통합치의학과"
병원,3300000,PHMA220043300024021200002,2004-09-02,영업중,,,부산광역시 동래구 충렬대로 114 (온천동),47823,미주치과병원,치과병원,388706.013045075    ,191633.325464892    ,치과병원,1,0,0,500.04,402 403 404 405 406 407 408 409 411 412,"구강악안면외과, 치과보철과, 치과교정과, 소아치과, 치주과, 치과보존과, 구강내과, 영상치의학과, 예방치과, 통합치의학과"
병원,3300000,PHMA220063300024021200001,2006-01-11,영업중,,,부산광역시 동래구 명안로85번길 42 (명장동),47772,하나인치과병원,치과병원,391379.101059105    ,191505.092388014    ,치과병원,3,0,0,632.75,402 403 405 406 407 408 409 410 411 412,"구강악안면외과, 치과보철과, 소아치과, 치주과, 치과보존과, 구강내과, 영상치의학과, 구강병리과, 예방치과, 통합치의학과"
병원,3300000,PHMA220143300024021200002,2014-02-17,영업중,,,부산광역시 동래구 충렬대로237번길 3 (수안동),47814,동래로덴치과병원,치과병원,389808.71940752     ,191155.451482338    ,치과병원,6,0,0,930.93,412 411 410 409 407 406 405 404 403 402,"구강악안면외과, 치과보철과, 치과교정과, 소아치과, 치주과, 치과보존과, 영상치의학과, 구강병리과, 예방치과, 통합치의학과"
병원,3310000,PHMA220173310024021200001,2017-03-14,영업중,,부산광역시 남구 문현동 523번지 1호,"부산광역시 남구 전포대로 90, 4층 401,402호 (문현동)",48411,우리들40플란트치과병원,치과병원,388312.154420352    ,184801.106805374    ,치과병원,3,0,0,230.05,411 410 409 408 407 406 405 404 403,"치과보철과, 치과교정과, 소아치과, 치주과, 치과보존과, 구강내과, 영상치의학과, 구강병리과, 예방치과"
병원,3320000,PHMA220033320045021200002,2003-01-09,영업중,,,"부산광역시 북구 금곡대로303번길 2, 5층 (화명동, 시티타워)",46525,사과나무치과병원,치과병원,,,치과병원,5,0,0,621.9,409 407 406 405 404 403 402,"구강악안면외과, 치과보철과, 치과교정과, 소아치과, 치주과, 치과보존과, 영상치의학과"
병원,3320000,PHMA220063320045021200003,2006-06-05,영업중,,,부산광역시 북구 금곡대로 28 (덕천동),46547,굿윌치과병원,치과병원,382478.027067096    ,192200.498440694    ,치과병원,12,0,0,2559.39,402 403 404 406 407 408 411,"구강악안면외과, 치과보철과, 치과교정과, 치주과, 치과보존과, 구강내과, 예방치과"
병원,3320000,PHMA220153320045021200004,2015-12-07,영업중,,부산광역시 북구 화명동 2271-4 하이페리온타워,"부산광역시 북구 화명대로 15, 하이페리온타워 8, 9, 10층 (화명동)",46524,이앤미치과병원,치과병원,382891.824509063    ,194757.00844539     ,치과병원,6,0,0,1398.72,412 411 410 409 408 407 406 405 404 403 122 101,"내과, 가정의학과, 치과보철과, 치과교정과, 소아치과, 치주과, 치과보존과, 구강내과, 영상치의학과, 구강병리과, 예방치과, 통합치의학과"
병원,3330000,PHMA220203330024021200001,2020-05-29,영업중,,부산광역시 해운대구 중동 1756번지,"부산광역시 해운대구 좌동순환로 6, 5층및 6층일부층 (중동)",48082,더블유에스치과병원,치과병원,397461.534126518    ,187491.273602276    ,치과병원,3,0,0,796.84,412 407 406 404 403 402,"구강악안면외과, 치과보철과, 치과교정과, 치주과, 치과보존과, 통합치의학과"
병원,3330000,PHMA220133330024021200002,2013-08-30,영업중,,,"부산광역시 해운대구 센텀동로 102, 센텀필1 2층 208호~213호호 (재송동)",48059,세계로치과병원,치과병원,393646.060558206    ,188448.775532351    ,치과병원,3,0,0,692.19,402 403 406 407 408 409 411 412,"구강악안면외과, 치과보철과, 치주과, 치과보존과, 구강내과, 영상치의학과, 예방치과, 통합치의학과"
병원,3340000,PHMA220073340025021200001,2007-03-12,영업중,,부산광역시 사하구 하단동 592-5,"부산광역시 사하구 낙동남로 1398, 13~17층 (하단동)",49426,굿윌치과병원,치과병원,379042.639023757    ,180274.138892181    ,치과병원,13,0,0,2104.75,412 411 409 408 407 406 404 403 402,"구강악안면외과, 치과보철과, 치과교정과, 치주과, 치과보존과, 구강내과, 영상치의학과, 예방치과, 통합치의학과"
병원,3360000,PHMA220153360024021200001,2015-07-31,영업중,,,"부산광역시 강서구 명지오션시티4로 70, 601호 (명지동, NC TOWER)",46765,오션시티치과병원,치과병원,373508.720158694    ,177626.767484158    ,치과병원,1,0,0,392.71,402 403 404 405 406 407 408 409 411 412,"구강악안면외과, 치과보철과, 치과교정과, 소아치과, 치주과, 치과보존과, 구강내과, 영상치의학과, 예방치과, 통합치의학과"
병원,3370000,PHMA220163370022021200001,2016-02-29,영업중,,,"부산광역시 연제구 중앙대로 1085, 오오빌딩 (연산동)",47540,오오치과병원,치과병원,389421.126296085    ,189280.134928822    ,치과병원,6,0,0,978.84,412 411 409 408 407 406 403,"치과보철과, 치주과, 치과보존과, 구강내과, 영상치의학과, 예방치과, 통합치의학과"
병원,3370000,PHMA220143370022021200002,2014-05-15,영업중,,,"부산광역시 연제구 중앙대로 1090, 701호 (연산동)",47596,유앤아이치과병원,치과병원,389488.706833663    ,189270.776461837    ,치과병원,2,0,0,358.5,402 403 404 406 407 408,"구강악안면외과, 치과보철과, 치과교정과, 치주과, 치과보존과, 구강내과"
병원,3380000,PHMA220243380023021200001,2024-03-25,영업중,,부산광역시 수영구 광안동 1070-8,"부산광역시 수영구 연수로 408, 8-12층 (광안동)",48242,365드림치과병원,치과병원,392491.970771266    ,187482.960280113    ,치과병원,6,0,0,1477.82,412 411 410 409 408 407 406 405 404 403 402,"구강악안면외과, 치과보철과, 치과교정과, 소아치과, 치주과, 치과보존과, 구강내과, 영상치의학과, 구강병리과, 예방치과, 통합치의학과"
병원,3380000,PHMA220053380023021200002,2005-09-12,영업중,,,부산광역시 수영구 수영로 501 (광안동),48264,성분도치과병원,치과병원,392266.381716148    ,185579.225428377    ,치과병원,4,0,0,1118,412 411 408 407 406 403 402,"구강악안면외과, 치과보철과, 치주과, 치과보존과, 구강내과, 예방치과, 통합치의학과"
병원,3390000,PHMA220243390023021200002,2024-03-22,영업중,,부산광역시 사상구 감전동 156-4 2~3층,"부산광역시 사상구 학감대로 233, 2~3층 (감전동)",46986,사상연세비앤이치과병원,치과병원,381234.995093393    ,185460.364451442    ,치과병원,2,0,0,1073.48,412 411 408 407 406 403 308,"침구과, 치과보철과, 치주과, 치과보존과, 구강내과, 예방치과, 통합치의학과"
병원,3390000,PHMA220003390023021200007,2000-08-11,영업중,,,"부산광역시 사상구 가야대로 276, 1~2층 (주례동, M-square 메디컬센터)",47012,엘리트치과병원,치과병원,382431.851489011    ,185266.269678965    ,치과병원,5,0,0,568.1,403 404 406 407 408 411,"치과보철과, 치과교정과, 치주과, 치과보존과, 구강내과, 예방치과"
병원,3400000,PHMA220193400013021200001,2019-02-28,영업중,,부산광역시 기장군 정관읍 매학리 720번지 7호,"부산광역시 기장군 정관읍 정관6로 31, 3층 301, 302호",46017,의료법인창성의료재단 일신365치과병원,치과병원,397942.700663843    ,204428.576197141    ,치과병원,3,0,0,422.43,411 410 409 408 407 406 402,"구강악안면외과, 치주과, 치과보존과, 구강내과, 영상치의학과, 구강병리과, 예방치과"
병원,3410000,PHMA220163410023021200001,2016-04-27,영업중,,대구광역시 중구 삼덕동2가 188번지 1호,"대구광역시 중구 달구벌대로 2175 (삼덕동2가, 경북대학교치과병원)",41940,경북대학교치과병원,치과병원,344597.999260047    ,263844.348739409    ,치과병원,127,4,12,10274.82,409 408 407 406 405 404 403 402,"구강악안면외과, 치과보철과, 치과교정과, 소아치과, 치주과, 치과보존과, 구강내과, 영상치의학과"
병원,3410000,PHMA220023410023021200002,2002-11-27,영업중,,,대구광역시 중구 대봉로 267 (봉산동),41949,내이치과병원,치과병원,344423.187193651    ,263643.416077754    ,치과병원,1,0,0,655,407,치과보존과
병원,3410000,PHMA220053410023021200002,2005-11-11,영업중,,,대구광역시 중구 국채보상로 511 (서문로2가),41921,로이스덕영치과병원,치과병원,343218.26319516     ,264534.810551392    ,치과병원,12,0,0,4241.24,402 403 404 405 406 407 408 409 410 411 412,"구강악안면외과, 치과보철과, 치과교정과, 소아치과, 치주과, 치과보존과, 구강내과, 영상치의학과, 구강병리과, 예방치과, 통합치의학과"
병원,3410000,PHMA220023410023021200001,2002-06-07,영업중,,대구광역시 중구 삼덕2가 149-132,대구광역시 중구 공평로 12 (삼덕동2가),41940,미르치과병원,치과병원,344447.949670753    ,263940.739987762    ,치과병원,27,0,0,4656.52,409 408 407 406 405 404 403,"치과보철과, 치과교정과, 소아치과, 치주과, 치과보존과, 구강내과, 영상치의학과"
병원,3460000,PHMA220013460023021200002,2001-12-11,영업중,,대구광역시 수성구 신매동 538번지 19호,"대구광역시 수성구 욱수천로 115, 2층 (신매동)",42271,오성치과병원,치과병원,354775.215568221    ,261200.311078632    ,치과병원,2,0,0,413.73,411 409 408 407 406 405 404 403 402,"구강악안면외과, 치과보철과, 치과교정과, 소아치과, 치주과, 치과보존과, 구강내과, 영상치의학과, 예방치과"
병원,3460000,PHMA220073460023021200002,2007-11-26,영업중,,,"대구광역시 수성구 달구벌대로 2510, 범어동근생시설 (범어동)",42088,윌치과병원,치과병원,347814.206838363    ,263287.626722469    ,치과병원,2,0,0,401.42,402 403 405 406 407 408 409 411,"구강악안면외과, 치과보철과, 소아치과, 치주과, 치과보존과, 구강내과, 영상치의학과, 예방치과"
병원,3460000,PHMA220083460023021200003,2008-10-05,영업중,706-170,대구광역시 수성구 신매동 170번지,대구광역시 수성구 달구벌대로 3266 (신매동),42277,시지에프엠치과병원,치과병원,354700.751633858    ,261084.765761466    ,치과병원,2,0,0,812.59,409 407 406 405 404 403,"치과보철과, 치과교정과, 소아치과, 치주과, 치과보존과, 영상치의학과"
병원,3460000,PHMA220133460023021200002,2013-10-14,영업중,,,"대구광역시 수성구 동대구로 312, 8,9층 (범어동)",42085,라온치과병원,치과병원,346880.066844589    ,263236.634669614    ,치과병원,4,0,0,838.2,402 403 404 406 407,"구강악안면외과, 치과보철과, 치과교정과, 치주과, 치과보존과"
병원,3470000,PHMA220053470022021200001,2005-03-04,영업중,,대구광역시 달서구 죽전동 278-1,"대구광역시 달서구 달구벌대로 1565, 4,6,7,8층 (죽전동)",42639,에프엠치과병원,치과병원,338835.826407176    ,262280.137982843    ,치과병원,9,0,0,1356.64,403 404 405,"치과보철과, 치과교정과, 소아치과"
병원,3470000,PHMA220003470022021200001,2000-02-21,영업중,,,"대구광역시 달서구 구마로 265, 5층 (성당동, 미래빌딩)",42680,곽치과병원,치과병원,340594.930625538    ,260873.197489967    ,치과병원,3,0,0,1136.22,412 411 409 408 407 406 405 404 403 402,"구강악안면외과, 치과보철과, 치과교정과, 소아치과, 치주과, 치과보존과, 구강내과, 영상치의학과, 예방치과, 통합치의학과"
병원,3470000,PHMA220153470022021200003,2015-06-05,영업중,704-371,대구광역시 달서구 상인동 229번지,"대구광역시 달서구 월배로 206 (상인동, 2~6층)",42785,라온치과병원,치과병원,338776.200374171    ,258647.645371525    ,치과병원,4,0,0,1133.9,412 407 404 403 402,"구강악안면외과, 치과보철과, 치과교정과, 치과보존과, 통합치의학과"
병원,3470000,PHMA220243470022021200001,2024-03-14,영업중,,대구광역시 달서구 월성동 1858,"대구광역시 달서구 조암로 5, 5층 501,502,503호 (월성동)",42758,제로치과병원,치과병원,338119.879843004    ,259444.480338101    ,치과병원,5,0,0,385.4,412 411 410 409 408 407 406 405 404 403 402,"구강악안면외과, 치과보철과, 치과교정과, 소아치과, 치주과, 치과보존과, 구강내과, 영상치의학과, 구강병리과, 예방치과, 통합치의학과"
병원,3490000,PHMA220223490019021200002,2022-09-14,영업중,,,"인천광역시 중구 하늘중앙로225번길 3-0, 301302호 (중산동,영종M타워)",22402,슈어치과교정과치과병원,치과병원,160875.136774755    ,442980.922652668    ,치과병원,2,0,0,546.2,412 409 408 407 406 405 404 403,"치과보철과, 치과교정과, 소아치과, 치주과, 치과보존과, 구강내과, 영상치의학과, 통합치의학과"
병원,3510500,PHMA219953510021021200001,1995-04-07,영업중,,인천광역시 미추홀구 주안동 1586-14번지,"인천광역시 미추홀구 구월로 17, 2일부층 (주안동)",22145,동아치과병원,치과병원,172694.051375212    ,439602.446394917    ,치과병원,2,0,0,333,407 406 405 404 403 402,"구강악안면외과, 치과보철과, 치과교정과, 소아치과, 치주과, 치과보존과"
병원,3520000,PHMA220173520019021200001,2017-10-18,영업중,,,"인천광역시 연수구 컨벤시아대로 69, 415호 (송도동, 송도 밀레니엄)",21995,22세기서울치과병원,치과병원,169021.396274426    ,432677.916267877    ,치과병원,5,0,0,648.96,407 406 405 404 403 402,"구강악안면외과, 치과보철과, 치과교정과, 소아치과, 치주과, 치과보존과"
병원,3520000,PHMA220133520019021200002,2013-06-14,영업중,,,"인천광역시 연수구 컨벤시아대로 81, 701,704호 (송도동, 드림시티)",21995,서울시카고치과병원,치과병원,168950.36271031     ,432597.078074858    ,치과병원,5,0,0,742.02,411 410 409 408 407 406 405 404 403 402,"구강악안면외과, 치과보철과, 치과교정과, 소아치과, 치주과, 치과보존과, 구강내과, 영상치의학과, 구강병리과, 예방치과"
병원,3530000,PHMA220183530019021200005,2018-10-01,영업중,,"인천광역시 남동구 서창동 707번지 1호 센타프라자 304호, 402호","인천광역시 남동구 서창남순환로 222, 센타프라자 304,402호 (서창동)",21617,서울센트리얼치과병원,치과병원,177756.290036904    ,435809.186707765    ,치과병원,6,0,0,523.3,411 410 409 408 407 406 405 404 403,"치과보철과, 치과교정과, 소아치과, 치주과, 치과보존과, 구강내과, 영상치의학과, 구강병리과, 예방치과"
병원,3540000,PHMA220233540021021200001,2023-01-18,영업중,,,"인천광역시 부평구 주부토로 17, 메타타워 2~6층 (부평동)",21390,플란치과병원,치과병원,175560.7337772      ,443896.398708547    ,치과병원,3,0,0,1302.5,403 406 407 408 409 410 411 412,"치과보철과, 치주과, 치과보존과, 구강내과, 영상치의학과, 구강병리과, 예방치과, 통합치의학과"
병원,3540000,PHMA220023540021021200001,2002-04-03,영업중,,인천광역시 부평구 부평동 185번지 1호 1층~8층 전체,"인천광역시 부평구 경원대로 1418, 1층~8층 전체 (부평동)",21404,구올담치과병원,치과병원,175731.759666527    ,443232.350607039    ,치과병원,7,0,0,1425.8,409 407 406 404 403 402,"구강악안면외과, 치과보철과, 치과교정과, 치주과, 치과보존과, 영상치의학과"
병원,3540000,PHMA220183540021021200001,2018-04-06,영업중,,,"인천광역시 부평구 부평대로 52, 라이브빌딩 2, 3층 (부평동)",21393,라이브치과병원,치과병원,175441.988685703    ,443779.14257644     ,치과병원,8,0,0,665.39,412 408 407 406 405 404 403 402,"구강악안면외과, 치과보철과, 치과교정과, 소아치과, 치주과, 치과보존과, 구강내과, 통합치의학과"
병원,3550000,PHMA220243550020021200001,2024-03-20,영업중,,인천광역시 계양구 계산동 1063-9 동양빌딩,"인천광역시 계양구 장제로 794, 동양빌딩 1~4층 (계산동)",21060,더케이365치과병원,치과병원,176499.512641645    ,448523.215797596    ,치과병원,7,0,0,1231.9,412 411 410 409 408 407 406 405 404 403 402,"구강악안면외과, 치과보철과, 치과교정과, 소아치과, 치주과, 치과보존과, 구강내과, 영상치의학과, 구강병리과, 예방치과, 통합치의학과"
병원,3560000,PHMA220163560021021200001,2016-03-30,영업중,,인천광역시 서구 심곡동 242번지 4호,인천광역시 서구 승학로 250 (심곡동),22726,조은내일치과병원,치과병원,171019.654247029    ,449227.241645228    ,치과병원,5,0,0,1223.69,411 410 409 408 407 406 405 404 403 402 122 101,"내과, 가정의학과, 구강악안면외과, 치과보철과, 치과교정과, 소아치과, 치주과, 치과보존과, 구강내과, 영상치의학과, 구강병리과, 예방치과"
병원,3560000,PHMA220243560021021200001,2024-04-17,영업중,,,"인천광역시 서구 이음4로 6, KR법조타워 5층 전체호 (당하동)",22869,예온치과병원,치과병원,,,치과병원,5,0,0,1401.05,402 403 404 405 406 407 408 409 410 411 412,"구강악안면외과, 치과보철과, 치과교정과, 소아치과, 치주과, 치과보존과, 구강내과, 영상치의학과, 구강병리과, 예방치과, 통합치의학과"
병원,3600000,PHMA220113600020021200003,2011-04-01,영업중,,,"광주광역시 서구 금화로 96, 5~6층 (금호동)",62014,명인치과병원,치과병원,187089.066404255    ,181438.980345981    ,치과병원,2,0,0,850,402 403 404 405 406 407 408 409 411 412,"구강악안면외과, 치과보철과, 치과교정과, 소아치과, 치주과, 치과보존과, 구강내과, 영상치의학과, 예방치과, 통합치의학과"
병원,3600000,PHMA220193600020021200001,2019-07-18,영업중,,,"광주광역시 서구 운천로 148, 4층 (쌍촌동)",61991,스마트원치과병원,치과병원,186934.659708642    ,182977.823606803    ,치과병원,7,0,0,561.85,402 403 404 405 406 407 411 412,"구강악안면외과, 치과보철과, 치과교정과, 소아치과, 치주과, 치과보존과, 예방치과, 통합치의학과"
병원,3600000,PHMA220033600020021200001,2003-08-01,영업중,502-827,광주광역시 서구 치평동 1227번지 6호,광주광역시 서구 운천로 231 (치평동),61948,미르치과병원,치과병원,186665.73374281     ,183792.410004258    ,치과병원,15,0,0,4266,408 407 406 405 404 403 402,"구강악안면외과, 치과보철과, 치과교정과, 소아치과, 치주과, 치과보존과, 구강내과"
병원,3600000,PHMA220143600020021200003,2014-01-23,영업중,,광주광역시 서구 치평동 1236번지 3호,"광주광역시 서구 상무중앙로 58, 7층 (치평동)",61949,상무스타치과병원,치과병원,186158.987353987    ,183683.776854367    ,치과병원,5,0,0,1087.82,411 407 406 405 404 403 402,"구강악안면외과, 치과보철과, 치과교정과, 소아치과, 치주과, 치과보존과, 예방치과"
병원,3600000,PHMA220143600020021200005,2014-03-18,영업중,,,"광주광역시 서구 상무공원로 7, 4~5층 (치평동)",61960,예인원치과병원,치과병원,185661.979129662    ,182874.495766514    ,치과병원,2,0,0,716.62,403 404 405 406 407 412,"치과보철과, 치과교정과, 소아치과, 치주과, 치과보존과, 통합치의학과"
병원,3620000,PHMA220083620020021200008,2008-11-05,영업중,500-757,광주광역시 북구 용봉동 300번지 전남대학교,광주광역시 북구 용봉로 33 (용봉동),61186,전남대학교치과병원,치과병원,191342.627620633    ,186342.616202101    ,치과병원,78,5,14,10746,201 202 203 204 205 206 207 208 101,"내과, 구강악안면외과, 치과보철과, 치과교정과, 소아치과, 치주과, 치과보존과, 구강내과, 구강악안면방사선과"
병원,3620000,PHMA220203620020021200011,2020-11-27,영업중,,,"광주광역시 북구 동문대로 208, 청연병원 2층 (각화동)",61165,서울프라임365치과병원,치과병원,193602.841646244    ,186836.185010755    ,치과병원,3,0,0,581.94,402 403 404 405 406 407 408 409 410 411 412,"구강악안면외과, 치과보철과, 치과교정과, 소아치과, 치주과, 치과보존과, 구강내과, 영상치의학과, 구강병리과, 예방치과, 통합치의학과"
병원,3630000,PHMA220163630020021200001,2016-01-25,영업중,,광주광역시 광산구 신가동 1159번지,광주광역시 광산구 수완로 6 (신가동),62305,수완더치과병원,치과병원,184392.118209497    ,187404.077274854    ,치과병원,2,0,0,287.16,411 408 407 406 405 404 403 402,"구강악안면외과, 치과보철과, 치과교정과, 소아치과, 치주과, 치과보존과, 구강내과, 예방치과"
병원,3630000,PHMA220073630020021200004,2007-11-30,영업중,,,광주광역시 광산구 임방울대로 788 (월계동),62276,에스엠치과병원,치과병원,185765.5275         ,190898.41           ,치과병원,2,0,0,818,402 403 404 405 406 407 408 409 411 412,"구강악안면외과, 치과보철과, 치과교정과, 소아치과, 치주과, 치과보존과, 구강내과, 영상치의학과, 예방치과, 통합치의학과"
병원,3630000,PHMA220183630020021200003,2018-09-17,영업중,,광주광역시 광산구 쌍암동 694번지 11호,"광주광역시 광산구 임방울대로 844, 2,3층 (쌍암동)",62279,첨단미르치과병원,치과병원,186315.305491064    ,190901.97748666     ,치과병원,8,0,0,1564.22,407 406 405 404 403 402,"구강악안면외과, 치과보철과, 치과교정과, 소아치과, 치주과, 치과보존과"
병원,3660000,PHMA220073660023021200002,2007-03-12,영업중,,대전광역시 서구 둔산동 1268,대전광역시 서구 둔산로 77 (둔산동),35233,원광대학교 대전치과병원,치과병원,234268.89615122     ,316816.342793612    ,치과병원,62,4,11,6339.51,201 409 207 202 407 405 203 205 209 109,"마취통증의학과, 구강악안면외과, 치과보철과, 치과교정과, 치주과, 구강내과, 구강병리과, 소아치과, 치과보존과, 영상치의학과"
병원,3670000,PHMA219873670022021200001,1987-12-11,영업중,,대전광역시 유성구 장대동 267-5,대전광역시 유성구 유성대로 721 (장대동),34173,의료법인 성전의료재단 온스타치과병원,치과병원,229724.857858959    ,317549.513126102    ,치과병원,1,0,0,2042.36,412 411 408 407 406 404 403,"치과보철과, 치과교정과, 치주과, 치과보존과, 구강내과, 예방치과, 통합치의학과"
병원,3670000,PHMA219983670022021200002,1998-01-21,영업중,,대전광역시 유성구 자운동 97번지,대전광역시 유성구 자운로 90 (자운동),34059,국군대전치과병원,치과병원,231289.819993671    ,322098.782215697    ,치과병원,13,4,17,1115.69,408 407 406 404 403 402,"구강악안면외과, 치과보철과, 치과교정과, 치주과, 치과보존과, 구강내과"
병원,3670000,PHMA220063670022021200001,2006-06-01,영업중,305-150,"대전광역시 유성구 반석동 638번지 8호 2,3층",대전광역시 유성구 반석로 24 (반석동),34068,에이스마일치과병원,치과병원,227923.355630097    ,321248.82808225     ,치과병원,5,0,0,470.45,411 409 408 407 406 405 404 403,"치과보철과, 치과교정과, 소아치과, 치주과, 치과보존과, 구강내과, 영상치의학과, 예방치과"
병원,3680000,PHMA220123680022021200001,2012-01-20,영업중,,대전광역시 대덕구 신탄진동 175번지 1호,"대전광역시 대덕구 신탄진로 782 (신탄진동, 1,2,3,4,5층)",34312,이엘치과병원,치과병원,238478.155972626    ,327439.753186625    ,치과병원,14,3,5,2072.75,412 411 408 407 406 405 404 403 402,"구강악안면외과, 치과보철과, 치과교정과, 소아치과, 치주과, 치과보존과, 구강내과, 예방치과, 통합치의학과"
병원,3700000,PHMA220123700018021200002,2012-03-27,영업중,,울산광역시 남구 옥동 248-1,"울산광역시 남구 문수로 368, 5~8층 (옥동)",44662,한빛치과병원,치과병원,407952.425311695    ,228481.273470113    ,치과병원,6,0,0,1765.1,412 411 410 409 408 407 406 405 404 403 402,"구강악안면외과, 치과보철과, 치과교정과, 소아치과, 치주과, 치과보존과, 구강내과, 영상치의학과, 구강병리과, 예방치과, 통합치의학과"
병원,3700000,PHMA220093700018021200004,2009-07-06,영업중,,울산광역시 남구 달동 590-14,"울산광역시 남구 삼산로 173, 3~7층,12층 (달동)",44695,로이스씨케이치과병원,치과병원,410896.095057485    ,228897.36607006     ,치과병원,9,0,0,2435.58,407 406 404 403 402,"구강악안면외과, 치과보철과, 치과교정과, 치주과, 치과보존과"
병원,3710000,PHMA220063710033021200002,2006-09-18,영업중,,울산광역시 동구 일산동 579-30,울산광역시 동구 방어진순환도로 625(일산동),44068,씨케이치과병원,치과병원,420201.795407029    ,224716.428760927    ,치과병원,4,0,0,1151,411 407 406 405 403 402,"구강악안면외과, 치과보철과, 소아치과, 치주과, 치과보존과, 예방치과"
병원,3720000,PHMA220193720017021200002,2019-11-01,영업중,,울산광역시 북구 신천동 816-8,"울산광역시 북구 매산4로 17, 1~4층 (신천동)",44224,큰치과병원,치과병원,413219.050479354    ,239802.564864006    ,치과병원,6,0,0,642.2,412 411 409 408 407 406 405 404 403 402,"구강악안면외과, 치과보철과, 치과교정과, 소아치과, 치주과, 치과보존과, 구강내과, 영상치의학과, 예방치과, 통합치의학과"
병원,3740000,PHMA220043740033021200001,2004-11-18,영업중,442-834,경기도 수원시 팔달구 인계동 1037번지 3통,경기도 수원시 팔달구 권광로 211 (인계동),16489,모아치과병원,치과병원,202842.166707898    ,418315.893623995    ,치과병원,4,0,0,433,201 202 203 204 205 206 207 208 209 210,"구강악안면외과, 치과보철과, 치과교정과, 소아치과, 치주과, 치과보존과, 구강내과, 구강악안면방사선과, 구강병리과, 예방치과"
병원,3740000,PHMA220233740033021200001,2023-03-02,영업중,,,"경기도 수원시 팔달구 중부대로39번길 6, 202, 301호 (지동)",16245,라운드치과병원,치과병원,201829.367873871    ,419284.592363043    ,치과병원,3,0,0,423.22,412 411 410 409 408 407 406 405 404 403 402,"구강악안면외과, 치과보철과, 치과교정과, 소아치과, 치주과, 치과보존과, 구강내과, 영상치의학과, 구강병리과, 예방치과, 통합치의학과"
병원,3740000,PHMA220223740106021200001,2022-06-29,영업중,,,"경기도 수원시 영통구 광교호수공원로 20, 더샵 광교레이크시티 B112호, 138호~145호, 205호~207호 (원천동)",16515,광교365리움치과병원,치과병원,205289.160317374    ,418886.436433515    ,치과병원,10,0,0,781.6,109 402 403 404 406 407 412,"마취통증의학과, 구강악안면외과, 치과보철과, 치과교정과, 치주과, 치과보존과, 통합치의학과"
병원,3780000,PHMA220243780064021200002,2024-11-04,영업중,,경기도 성남시 분당구 수내동 6-7 흥국생명빌딩,"경기도 성남시 분당구 황새울로258번길 37, 흥국생명빌딩 2층 일부호 (수내동)",13595,스마일분당예치과병원,치과병원,210204.853354618    ,430741.529700826    ,치과병원,1,0,0,155,412 404,"치과교정과, 통합치의학과"
병원,3780000,PHMA220243780064021200003,2024-11-04,영업중,,경기도 성남시 분당구 수내동 6-7 흥국생명빌딩,"경기도 성남시 분당구 황새울로258번길 37, 흥국생명빌딩 2층 일부호 (수내동)",13595,새로분당예치과병원,치과병원,210204.853354618    ,430741.529700826    ,치과병원,3,0,0,223.5,403 407,"치과보철과, 치과보존과"
병원,3780000,PHMA220243780064021200004,2024-11-04,영업중,,경기도 성남시 분당구 수내동 6-7 흥국생명빌딩,"경기도 성남시 분당구 황새울로258번길 37, 흥국생명빌딩 2층 일부호 (수내동)",13595,드림분당예치과병원,치과병원,210204.853354618    ,430741.529700826    ,치과병원,3,0,0,82.1,405,소아치과
병원,3780000,PHMA220163780062021200002,2016-09-09,영업중,,경기도 성남시 수정구 창곡동 509번지 2호 우성트램타워 B동 801~4호,"경기도 성남시 수정구 위례광장로 310, B동 8층 801~804호 (창곡동, 우성트램타워)",13640,위례서울치과병원,치과병원,212550.019739517    ,441129.066663059    ,치과병원,2,0,0,417.75,411 410 409 408 407 406 405 404 403 402,"구강악안면외과, 치과보철과, 치과교정과, 소아치과, 치주과, 치과보존과, 구강내과, 영상치의학과, 구강병리과, 예방치과"
병원,3780000,PHMA220103780063021200001,2010-04-09,영업중,,,경기도 성남시 중원구 성남대로 1141 (성남동),13376,성남예치과병원,치과병원,211320.004130618    ,436629.452243461    ,치과병원,6,0,0,994.56,402 403 404 405 406 407 408 409 410 411 412,"구강악안면외과, 치과보철과, 치과교정과, 소아치과, 치주과, 치과보존과, 구강내과, 영상치의학과, 구강병리과, 예방치과, 통합치의학과"
병원,3780000,PHMA220183780064021200001,2018-08-03,영업중,,경기도 성남시 분당구 백현동 535번지 301호,"경기도 성남시 분당구 분당내곡로 117, 알파돔타워Ⅳ 3층 301호 (백현동)",13529,밸런스치과병원,치과병원,209862.061539434    ,432464.892825759    ,치과병원,7,0,0,588.43,408 407 406 404 403 402,"구강악안면외과, 치과보철과, 치과교정과, 치주과, 치과보존과, 구강내과"
병원,3780000,PHMA219973780064021200001,1997-10-17,영업중,463-500,경기도 성남시 분당구 구미동 205번지 4호,경기도 성남시 분당구 미금로 40 (구미동),13626,형치과병원,치과병원,210265.695086293    ,426121.80950278     ,치과병원,2,0,0,710.86,411 408 407 406 405 404 403 402,"구강악안면외과, 치과보철과, 치과교정과, 소아치과, 치주과, 치과보존과, 구강내과, 예방치과"
병원,3780000,PHMA220023780064021200002,2002-06-01,영업중,463-040,경기도 성남시 분당구 율동 2길 66호,"경기도 성남시 분당구 새마을로177번길 81, 66호 (율동)",13574,국군수도치과병원,치과병원,213131.098532149    ,432263.904137237    ,치과병원,16,0,0,1005.3,408 407 406 404 403 402,"구강악안면외과, 치과보철과, 치과교정과, 치주과, 치과보존과, 구강내과"
병원,3780000,PHMA220113780064021200002,2011-08-10,영업중,,,"경기도 성남시 분당구 정자일로198번길 15, 7층 일부호 (정자동, 제나프라자)",13558,드라마치과병원,치과병원,209468.677545237    ,429517.658833874    ,치과병원,1,0,0,595.33,412 411 410 409 408 407 406 405 404 403,"치과보철과, 치과교정과, 소아치과, 치주과, 치과보존과, 구강내과, 영상치의학과, 구강병리과, 예방치과, 통합치의학과"
병원,3820000,PHMA220103820050021200002,2010-04-28,영업중,,,"경기도 의정부시 청사로48번길 19, 202호 (금오동, 세하메디칼스타)",11757,탑연세치과병원,치과병원,206171.039178209    ,472280.021473445    ,치과병원,3,0,0,400.81,411 410 409 408 407 406 405 404 403 402,"구강악안면외과, 치과보철과, 치과교정과, 소아치과, 치주과, 치과보존과, 구강내과, 영상치의학과, 구강병리과, 예방치과"
병원,3820000,PHMA220243820050021200002,2024-12-27,영업중,,,"경기도 의정부시 회룡로 177, 3층 (신곡동)",11733,닥터뷰티치과병원,치과병원,204666.50600933     ,469436.603212241    ,치과병원,5,0,0,980.46,122 301 402 403 404 405 406 407 408 409 411 412,"가정의학과, 한방내과, 구강악안면외과, 치과보철과, 치과교정과, 소아치과, 치주과, 치과보존과, 구강내과, 영상치의학과, 예방치과, 통합치의학과"
병원,3820000,PHMA220253820050021200001,2025-02-20,영업중,,경기도 의정부시 의정부동 494 센트럴타워,"경기도 의정부시 시민로 80, 센트럴타워 8층 (의정부동)",11651,서울오라클치과병원,치과병원,203772.831832169    ,470619.109108938    ,치과병원,3,0,0,835.05,411 410 409 408 407 406 405 404 403 108,"성형외과, 치과보철과, 치과교정과, 소아치과, 치주과, 치과보존과, 구강내과, 영상치의학과, 구강병리과, 예방치과"
병원,3830000,PHMA220033830077021200001,2003-06-10,영업중,,,"경기도 안양시 동안구 시민대로 167, 201~203호 (비산동, 안양벤처텔)",14048,평촌예치과병원,치과병원,195463.14791536     ,432081.400083725    ,치과병원,1,0,0,226,411 407 406 403 402,"구강악안면외과, 치과보철과, 치주과, 치과보존과, 예방치과"
병원,3860000,PHMA220073860049021200003,2007-02-20,영업중,,경기도 부천시 원미구 상동 544-11 새롬프라자15차 403호,"경기도 부천시 원미구 상동로 69, 새롬프라자15차 403호 (상동)",14544,메르덴치과병원,치과병원,178022.823328285    ,444644.745702961    ,치과병원,1,0,0,337.78,402,구강악안면외과
병원,3860000,PHMA220153860272021200003,2015-07-31,영업중,,"경기도 부천시 원미구 심곡동 355-8 선영프라자 201, 301, 401, 501, 1001호","경기도 부천시 원미구 부천로 57-1, 선영프라자 201, 301, 401, 501, 1001호 (심곡동)",14633,사과나무치과병원,치과병원,180790.342088745    ,443055.376800431    ,치과병원,11,0,0,1654.5,412 411 408 407 406 404 403 402,"구강악안면외과, 치과보철과, 치과교정과, 치주과, 치과보존과, 구강내과, 예방치과, 통합치의학과"
병원,3860000,PHMA220093860051021200001,2009-02-24,영업중,,,"경기도 부천시 오정구 소사로 713, 3층 301호,302호 4층 402호 (원종동)",14465,이안치과병원,치과병원,182646.537649469    ,446398.020306473    ,치과병원,2,0,0,350.35,402 403 404 406 407 408 409 411 412,"구강악안면외과, 치과보철과, 치과교정과, 치주과, 치과보존과, 구강내과, 영상치의학과, 예방치과, 통합치의학과"
병원,3860000,PHMA220073860050021200002,2007-11-13,영업중,,,"경기도 부천시 소사구 경인로 253, 403호 (심곡본동, 데카에셋빌딩)",14710,평강치과병원,치과병원,180793.586837969    ,442372.974204087    ,치과병원,1,0,0,157,402 403 406 407 409 412,"구강악안면외과, 치과보철과, 치주과, 치과보존과, 영상치의학과, 통합치의학과"
병원,3910000,PHMA220253910165021200001,2025-02-21,영업중,,경기도 평택시 고덕동 1973-9 우성고덕타워,"경기도 평택시 고덕국제대로 94, 우성고덕타워 8층 805호~808호 (고덕동)",18014,365래온치과병원,치과병원,203860.641420828    ,393732.509441493    ,치과병원,6,0,0,367.23,412 411 408 407 406 405 404 403,"치과보철과, 치과교정과, 소아치과, 치주과, 치과보존과, 구강내과, 예방치과, 통합치의학과"
병원,3930000,PHMA220023930154021200002,2002-09-04,영업중,425-807,경기도 안산시 단원구 고잔동 707번지 안산법조타운 4층,"경기도 안산시 단원구 광덕서로 86, 4층 (고잔동, 안산법조타운)",15471,한국치과병원,치과병원,184655.783469792    ,423382.735893935    ,치과병원,2,0,0,516.62,407 405 404 403 402,"구강악안면외과, 치과보철과, 치과교정과, 소아치과, 치과보존과"
병원,3930000,PHMA220023930154021200003,2002-09-30,영업중,425-868,경기도 안산시 단원구 고잔동 540번지 16호 신세기빌딩 2층,"경기도 안산시 단원구 고잔2길 59, 2층 (고잔동, 신세기빌딩)",15361,안산예치과병원,치과병원,185544.047777398    ,423981.697177397    ,치과병원,3,0,0,343.03,412 407 406 404 403 402,"구강악안면외과, 치과보철과, 치과교정과, 치주과, 치과보존과, 통합치의학과"
병원,3930000,PHMA220023930154021200001,2002-03-02,영업중,,경기도 안산시 단원구 고잔동 535-2 코스모프라자 501호,"경기도 안산시 단원구 고잔2길 45, 501호 (고잔동, 코스모프라자)",15360,궁치과병원,치과병원,185403.460476815    ,424004.760892409    ,치과병원,4,0,0,448.71,407 405 404 403 402,"구강악안면외과, 치과보철과, 치과교정과, 소아치과, 치과보존과"
병원,3930000,PHMA220073930154021200005,2007-11-06,영업중,,"경기도 안산시 단원구 원시동  773-9 이마트 303,304호","경기도 안산시 단원구 동산로 63, 303~304호 (원시동, 이마트)",15433,탑치과병원,치과병원,181961.733012032    ,423615.27638305     ,치과병원,3,0,0,365.27,405 404 403 402,"구강악안면외과, 치과보철과, 치과교정과, 소아치과"
병원,3940000,PHMA220123940139021200001,2012-07-23,영업중,,,"경기도 고양시 일산동구 고양대로 762, 309호 (중산동)",10355,중산사과나무치과병원,치과병원,180597.587643605    ,464407.466890319    ,치과병원,3,0,0,364.89,412 411 408 407 406 405 404 403 402 401,"치과, 구강악안면외과, 치과보철과, 치과교정과, 소아치과, 치주과, 치과보존과, 구강내과, 예방치과, 통합치의학과"
병원,3940000,PHMA220093940139021200004,2009-11-04,영업중,410-812,경기도 고양시 일산동구 마두1동 848번지 대한생명 일산사옥 12층,"경기도 고양시 일산동구 정발산로42번길 5 (장항동, 대한생명 일산사옥 12층)",10403,연세플라워치과병원,치과병원,181436.837912329    ,462478.431600456    ,치과병원,2,0,0,390.62,407 404 403 401,"치과, 치과보철과, 치과교정과, 치과보존과"
병원,3940000,PHMA220013940138021200001,2001-06-27,영업중,,,"경기도 고양시 덕양구 화중로 76, 201호 (화정동, 대감빌딩)",10500,린치과병원,치과병원,,,치과병원,5,0,0,525.89,407 405 404 403 402,"구강악안면외과, 치과보철과, 치과교정과, 소아치과, 치과보존과"
병원,3940000,PHMA220043940138021200002,2004-08-10,영업중,,,"경기도 고양시 덕양구 화신로260번길 66, 7층 (화정동, 한빛하이죤)",10500,서울메이치과병원,치과병원,185224.11           ,459051.24           ,치과병원,2,0,0,306.93,402 403 406 407 408 409 411,"구강악안면외과, 치과보철과, 치주과, 치과보존과, 구강내과, 영상치의학과, 예방치과"
병원,3940000,PHMA220033940140021200001,2003-03-06,영업중,,,"경기도 고양시 일산서구 중앙로 1449 (주엽동, 효원빌딩 401호, 601~602호)",10387,리빙웰치과병원,치과병원,,,치과병원,4,2,3,823.67,402 403 404 405 406 407 408 409,"구강악안면외과, 치과보철과, 치과교정과, 소아치과, 치주과, 치과보존과, 구강내과, 영상치의학과"
병원,3940000,PHMA220073940140021200002,2007-01-24,영업중,,경기도 고양시 일산서구 주엽동 21 사과나무치과병원,"경기도 고양시 일산서구 중앙로 1450, 사과나무치과병원 2~7층 (주엽동)",10387,사과나무치과병원,치과병원,178721.933567622    ,463235.331646603    ,치과병원,24,0,0,3027.75,101 122 402 403 404 405 406 407 408 409 410 411 412,"내과, 가정의학과, 구강악안면외과, 치과보철과, 치과교정과, 소아치과, 치주과, 치과보존과, 구강내과, 영상치의학과, 구강병리과, 예방치과, 통합치의학과"
병원,3970000,PHMA220143970017021200001,2014-07-23,영업중,,,"경기도 과천시 별양상가1로 13, 6층 일부호 (별양동, 교보빌딩)",13837,비욘드 치과병원,치과병원,199182.982380152    ,436115.366546411    ,치과병원,3,0,0,266.63,402 403 404 405 406 407 408 409 410 411,"구강악안면외과, 치과보철과, 치과교정과, 소아치과, 치주과, 치과보존과, 구강내과, 영상치의학과, 구강병리과, 예방치과"
병원,4000000,PHMA220124000018021200001,2012-01-10,영업중,,,"경기도 오산시 대원로 13, 1.2층 (오산동)",18138,유림치과병원,치과병원,206128.963178137    ,404985.53447248     ,치과병원,2,0,0,591.34,403 404 406 407 412,"치과보철과, 치과교정과, 치주과, 치과보존과, 통합치의학과"
병원,4010000,PHMA219994010027021200001,1999-07-23,영업중,,,"경기도 시흥시 마유로 330, 대하빌딩 3층 (정왕동)",15066,예치과병원,치과병원,176485.197366965    ,427084.541050041    ,치과병원,3,0,0,442.12,412 411 410 409 408 407 406 405 404 403 402,"구강악안면외과, 치과보철과, 치과교정과, 소아치과, 치주과, 치과보존과, 구강내과, 영상치의학과, 구강병리과, 예방치과, 통합치의학과"
병원,4020000,PHMA220034020028021200001,2003-04-24,영업중,435-040,경기도 군포시 산본동 1099-1 성우빌딩10층,"경기도 군포시 산본로 398, 10층 (산본동, 성우빌딩)",15818,윈치과병원,치과병원,193678.70297446     ,429272.847720523    ,치과병원,3,0,0,477.34,204 203 202 205 206,"치과보철과, 치과교정과, 소아치과, 치주과, 치과보존과"
병원,4020000,PHMA220044020028021200001,2004-06-29,영업중,,,"경기도 군포시 산본로 321, 원광대학교의과대학산본병원 5층,6층 (산본동)",15865,원광대학교치과대학산본치과병원,치과병원,194048.876802206    ,428598.07168885     ,치과병원,12,2,5,1924.78,402 403 404 405 406 407 408,"구강악안면외과, 치과보철과, 치과교정과, 소아치과, 치주과, 치과보존과, 구강내과"
병원,4030000,PHMA220104030022021200002,2010-06-29,영업중,,,경기도 의왕시 철도박물관로 59 (삼동),16087,부곡치과병원,치과병원,195418.768559543    ,424391.907106918    ,치과병원,4,0,0,763.07,402 403 404 406 407 412,"구강악안면외과, 치과보철과, 치과교정과, 치주과, 치과보존과, 통합치의학과"
병원,4050000,PHMA220104050149021200001,2010-11-17,영업중,,경기도 용인시 수지구 죽전동 1491 단국대학교,"경기도 용인시 수지구 죽전로 152, 단국대학교 복지회관 B1~5층 (죽전동)",16890,단국대학교 치과대학 죽전치과병원,치과병원,211205.615935224    ,424377.496190089    ,치과병원,45,4,6,4990.79,412 408 407 406 405 404 403 402 109,"마취통증의학과, 구강악안면외과, 치과보철과, 치과교정과, 소아치과, 치주과, 치과보존과, 구강내과, 통합치의학과"
병원,4050000,PHMA220064050148021200001,2006-07-21,영업중,,,"경기도 용인시 기흥구 동백중앙로 358-19 (동백동,미래도프라자7층)",17003,컬럼비아치과병원,치과병원,214196.065010417    ,419964.911668814    ,치과병원,3,0,0,390.57,408 407 406 405 404 403 402,"구강악안면외과, 치과보철과, 치과교정과, 소아치과, 치주과, 치과보존과, 구강내과"
병원,4050000,PHMA220254050148021200001,2025-06-18,영업중,,경기도 용인시 기흥구 마북동 360-9 솔루엠 206호,"경기도 용인시 기흥구 용구대로 2354, 솔루엠 2층 206호 (마북동)",16921,연세온아치과병원,치과병원,209678.529827953    ,421669.737135212    ,치과병원,3,0,0,758.62,412 411 408 407 406 405 404 403,"치과보철과, 치과교정과, 소아치과, 치주과, 치과보존과, 구강내과, 예방치과, 통합치의학과"
병원,4050000,PHMA220204050147021200001,2020-02-25,영업중,,경기도 용인시 처인구 김량장동 40번지 4호,"경기도 용인시 처인구 백옥대로 1085, 2층 202호~206호 (김량장동)",17063,마음심는치과병원,치과병원,218465.556586983    ,414510.665760477    ,치과병원,1,0,0,712.04,408 407 406 405 404 403 402,"구강악안면외과, 치과보철과, 치과교정과, 소아치과, 치주과, 치과보존과, 구강내과"
병원,4060000,PHMA220214060023021200002,2021-05-28,영업중,,경기도 파주시 와동동 1423-1,"경기도 파주시 경의로 1208, 2층 301호~305호, 404호, 405호 (와동동)",10896,서울선(SUN)치과병원,치과병원,178906.398537087    ,469228.776007021    ,치과병원,14,0,0,1293.72,412 411 407 406 405 404 403 402 122,"가정의학과, 구강악안면외과, 치과보철과, 치과교정과, 소아치과, 치주과, 치과보존과, 예방치과, 통합치의학과"
병원,4060000,PHMA220234060482021200004,2023-05-02,영업중,,경기도 파주시 와동동 1521-6,"경기도 파주시 가람로 124, 205,206호 (와동동)",10896,더연세퍼스트치과병원,치과병원,179076.784319934    ,470545.135787785    ,치과병원,1,0,0,280.71,411 410 409 408 407 406 405 404 403,"치과보철과, 치과교정과, 소아치과, 치주과, 치과보존과, 구강내과, 영상치의학과, 구강병리과, 예방치과"
병원,4060000,PHMA220224060023021200002,2022-03-15,영업중,,,"경기도 파주시 경의로1240번길 19, 7,8층 (와동동)",10896,뷰티앤디지털치과병원,치과병원,178969.267758306    ,469628.383363032    ,치과병원,10,0,0,1188,108 122 402 403 404 405 406 407 408 409 410 411 412,"성형외과, 가정의학과, 구강악안면외과, 치과보철과, 치과교정과, 소아치과, 치주과, 치과보존과, 구강내과, 영상치의학과, 구강병리과, 예방치과, 통합치의학과"
병원,4070000,PHMA220154070023021200001,2015-01-23,영업중,,,경기도 이천시 중리천로 58 (중리동),17374,연세스카이치과병원,치과병원,239314.554698554    ,419842.498933908    ,치과병원,5,0,0,620.38,404 405 406 407 412,"치과교정과, 소아치과, 치주과, 치과보존과, 통합치의학과"
병원,4080000,PHMA220114080023021200001,2011-06-01,영업중,456-823,"경기도 안성시 공도읍 만정리 821번지 1호 성지프라자301,302,303호",경기도 안성시 공도읍 공도로 91 (성지프라자301~302),17561,미소플란트치과병원,치과병원,215162.144633529    ,388730.857212394    ,치과병원,3,0,0,351.05,412 411 409 408 407 406 405 404 403 402,"구강악안면외과, 치과보철과, 치과교정과, 소아치과, 치주과, 치과보존과, 구강내과, 영상치의학과, 예방치과, 통합치의학과"
병원,4191000,PHMA220244191050021200001,2024-09-06,영업중,,,"강원특별자치도 원주시 만대공원길 59-0, 4~6층 (무실동)",26383,서울매일치과병원,치과병원,,,치과병원,7,0,0,1793,,
병원,4191000,PHMA220174190023021200001,2017-05-12,영업중,,,강원특별자치도 원주시 서원대로 188 (단계동),26382,그랜드치과병원,치과병원,282529.751898657    ,427262.864678469    ,치과병원,3,0,0,670.54,412 411 409 408 407 406 405 404 403 402,"구강악안면외과, 치과보철과, 치과교정과, 소아치과, 치주과, 치과보존과, 구강내과, 영상치의학과, 예방치과, 통합치의학과"
병원,4231000,PHMA220154230018021200002,1900-01-01,영업중,,,"강원특별자치도 속초시 동해대로 4236, 8층 (교동, 아남프라자)",24853,위덴치과병원,치과병원,338132.520338395    ,522766.508207672    ,치과병원,2,0,0,810,412 411,"예방치과, 통합치의학과"
병원,4390000,PHMA220154390029021200001,2015-03-31,영업중,,,충청북도 충주시 봉계1길 42 (봉방동),27361,서울더블유치과병원,치과병원,281399.304658879    ,386908.280309573    ,치과병원,5,0,0,751.54,201 403 406 407 203 405 408,"구강악안면외과, 치과교정과, 치과보철과, 소아치과, 치주과, 치과보존과, 구강내과"
병원,4490000,PHMA220034490042021200001,2003-01-09,영업중,330-986,충청남도 천안시 동남구 구성동 293번지 49호,충청남도 천안시 동남구 충절로 283 (구성동),31193,고려치과병원,치과병원,214253.403750684    ,365847.80519461     ,치과병원,2,0,0,628,411 408 406 405 404 403 402,"구강악안면외과, 치과보철과, 치과교정과, 소아치과, 치주과, 구강내과, 예방치과"
병원,4490000,PHMA220044490042021200002,2004-12-18,영업중,331-978,충청남도 천안시 서북구 성정2동 1535번지,충청남도 천안시 서북구 동서대로 129 (성정동),31109,가온치과병원,치과병원,212220.782921757    ,369427.963493379    ,치과병원,7,0,0,1690,407 406 405 404 403 402 109,"마취통증의학과, 구강악안면외과, 치과보철과, 치과교정과, 소아치과, 치주과, 치과보존과"
병원,4490000,PHMA219984490042021200001,1998-05-18,영업중,,충청남도 천안시 서북구 불당동 1534번지,"충청남도 천안시 서북구 불당25로 176, 율곡스퀘어 5층 504호 (불당동)",31156,열린치과병원,치과병원,209665.080510471    ,368317.230536408    ,치과병원,2,0,0,487.7,407 406 405,"소아치과, 치주과, 치과보존과"
병원,4490000,PHMA220014490042021200001,2001-10-18,영업중,330-993,충청남도 천안시 동남구 신부동 462번지 7호,"충청남도 천안시 동남구 만남로 52, 9층 (신부동, 문타워빌딩)",31123,문치과병원,치과병원,214012.423374065    ,368594.262016402    ,치과병원,7,3,5,1120,411 406 405 404 403 402,"구강악안면외과, 치과보철과, 치과교정과, 소아치과, 치주과, 예방치과"
병원,4490000,PHMA220064490042021200003,2006-10-09,영업중,331-945,충청남도 천안시 서북구 쌍용1동 220번지 13호,충청남도 천안시 서북구 서부대로 350 (쌍용동),31180,연세우일치과병원,치과병원,211224.430364995    ,366355.262543142    ,치과병원,4,0,0,990,411 408 407 406 405 404 403 402,"구강악안면외과, 치과보철과, 치과교정과, 소아치과, 치주과, 치과보존과, 구강내과, 예방치과"
병원,4490000,PHMA220094490042021200004,2009-10-30,영업중,,충청남도 천안시 서북구 불당동 1537-2,"충청남도 천안시 서북구 불당21로 67-8, 6층 601~603호 (불당동)",31156,참조은치과병원,치과병원,209591.482831148    ,367992.504402902    ,치과병원,5,0,0,718.3,412 407 406 405 404 403,"치과보철과, 치과교정과, 소아치과, 치주과, 치과보존과, 통합치의학과"
병원,4490000,PHMA220174490261021200004,2017-03-16,영업중,,충청남도 천안시 서북구 불당동 1617,충청남도 천안시 서북구 불당33길 26 (불당동),31156,더보스톤치과병원,치과병원,209553.424107292    ,367899.341059829    ,치과병원,5,0,0,507,412 411 409 408 407 406 405 404 403 402,"구강악안면외과, 치과보철과, 치과교정과, 소아치과, 치주과, 치과보존과, 구강내과, 영상치의학과, 예방치과, 통합치의학과"
병원,4490000,PHMA219844490042021200001,1984-09-20,영업중,330-714,충청남도 천안시 동남구 안서동 522번지 133호,충청남도 천안시 동남구 단대로 119 (안서동),31116,단국대학교치과대학치과병원,치과병원,215074.474385026    ,370829.421252051    ,치과병원,134,0,0,12924,412 411 409 408 407 406 405 404 403 402 109,"마취통증의학과, 구강악안면외과, 치과보철과, 치과교정과, 소아치과, 치주과, 치과보존과, 구강내과, 영상치의학과, 예방치과, 통합치의학과"
병원,4520000,PHMA220134520031021200003,2013-05-14,영업중,336-857,충청남도 아산시 배방읍 장재리 1725번지,"충청남도 아산시 배방읍 희망로46번길 19-3, 10층",31470,의료법인 산울의료재단 스파인치과병원,치과병원,209251.177135759    ,365276.260461879    ,치과병원,2,0,0,177.33,202 404 407 205 210,"치과보철과, 치주과, 예방치과, 치과교정과, 치과보존과"
병원,4520000,PHMA220254520031021200002,2025-08-12,영업중,,충청남도 아산시 배방읍 공수리 1597 5층,"충청남도 아산시 배방읍 배방로13번길 9-4, 5층 501,502,503호",31482,온아치과병원,치과병원,204889.271695683    ,363887.329024409    ,치과병원,2,0,0,326.59,412 411 410 409 408 407 406 405 404 403,"치과보철과, 치과교정과, 소아치과, 치주과, 치과보존과, 구강내과, 영상치의학과, 구강병리과, 예방치과, 통합치의학과"
병원,4520000,PHMA220244520031021200005,2024-08-14,영업중,,충청남도 아산시 탕정면 매곡리 1206,"충청남도 아산시 탕정면 한들물빛6로 46, 6층",31465,365아홉가지약속치과병원,치과병원,207776.867432376    ,365245.18416428     ,치과병원,5,0,0,901.65,412 411 410 409 408 407 406 405 404 403,"치과보철과, 치과교정과, 소아치과, 치주과, 치과보존과, 구강내과, 영상치의학과, 구강병리과, 예방치과, 통합치의학과"
병원,4620000,PHMA220084620040021200001,2008-07-24,영업중,357-900,충청남도 태안군 태안읍 남문리 702-1,충청남도 태안군 태안읍 동백로 310,32144,경희치과병원,치과병원,137766.361817092    ,360930.38594362     ,치과병원,3,0,0,204.31,407 406 404 403 402,"구강악안면외과, 치과보철과, 치과교정과, 치주과, 치과보존과"
병원,4641000,PHMA220154640131021200007,2015-08-25,영업중,,"전북특별자치도 전주시 덕진구 금암동 634번지 18호 634-2(치과병원동, 장애인구강진료센터동)","전북특별자치도 전주시 덕진구 건지로 20 (치과병원동,장애인구강진료센터)동 (금암동, 전북대학교병원)",54907,전북대학교치과병원,치과병원,212643.409434018    ,260771.391204993    ,치과병원,87,0,0,10707.53,409 408 407 406 405 404 403 402,"구강악안면외과, 치과보철과, 치과교정과, 소아치과, 치주과, 치과보존과, 구강내과, 영상치의학과"
병원,4641000,PHMA220074640131021200001,2007-01-05,영업중,560-833,전북특별자치도 전주시 완산구 중화산동2가 142-11,전북특별자치도 전주시 완산구 백제대로 218 (중화산동2가),54985,미르치과병원,치과병원,211100.91377147     ,256927.084539148    ,치과병원,4,0,0,1149.16,412 411 408 407 406 404 403 402,"구강악안면외과, 치과보철과, 치과교정과, 치주과, 치과보존과, 구강내과, 예방치과, 통합치의학과"
병원,4681000,PHMA219844680066021200001,1984-02-03,영업중,,,"전북특별자치도 익산시 무왕로 895 (신동,(신동))",54538,원광대학교 치과병원,치과병원,196147.777505417    ,274170.300974594    ,치과병원,51,0,0,4913.35,,
병원,4800000,PHMA220094800026021200001,2009-03-28,영업중,530-822,전라남도 목포시 상동 835번지,전라남도 목포시 백년대로 319 (상동),,미르치과병원,치과병원,147055.453490733    ,145327.140845263    ,치과병원,12,0,0,3147.01,411 409 408 407 406 405 404 403 402,"구강악안면외과, 치과보철과, 치과교정과, 소아치과, 치주과, 치과보존과, 구강내과, 영상치의학과, 예방치과"
병원,4800000,PHMA220084800026021200007,2008-11-24,영업중,530-822,전라남도 목포시 상동 848번지 2호,전라남도 목포시 비파로 91 (상동),,예닮치과병원,치과병원,147238.83203029     ,145436.212204218    ,치과병원,18,0,0,1778.99,407 406 405 404 403 402,"구강악안면외과, 치과보철과, 치과교정과, 소아치과, 치주과, 치과보존과"
병원,4810000,PHMA220164810029021200002,2016-07-07,영업중,,,전라남도 여수시 시청로 48 (학동),00000,그랜드치과병원,치과병원,260637.99884297     ,141013.019341819    ,치과병원,2,0,0,1004,411 409 408 407 406 405 404 403,"치과보철과, 치과교정과, 소아치과, 치주과, 치과보존과, 구강내과, 영상치의학과, 예방치과"
병원,4810000,PHMA220074810029021200001,2007-02-22,영업중,,,"전라남도 여수시 소호로 618 (학동, 모아메디컬센터)",59674,의료법인 모아의료재단 모아치과병원,치과병원,260073.893802859    ,140018.178997822    ,치과병원,5,0,0,1459.04,408 407 406 405 404 403 402,"구강악안면외과, 치과보철과, 치과교정과, 소아치과, 치주과, 치과보존과, 구강내과"
병원,4950000,PHMA220244950018021200001,2024-04-29,영업중,,,"전라남도 무안군 삼향읍 남악4로 49-0, 0동 6층 602호 (중앙프라자)",58567,목포스마트원치과병원,치과병원,151018.167646558    ,145841.290878446    ,치과병원,2,0,0,574.04,,
병원,4950000,PHMA220134950018021200002,2013-12-23,영업중,534-821,전라남도 무안군 삼향읍 남악리 2151번지,"전라남도 무안군 삼향읍 남악3로 50, 6,7층",58567,신우치과병원,치과병원,150579.100504053    ,145841.374093494    ,치과병원,9,0,0,1550,407 406 405 404 403 402,"구강악안면외과, 치과보철과, 치과교정과, 소아치과, 치주과, 치과보존과"
병원,4960000,PHMA220074960017021200002,2007-05-16,영업중,,,전라남도 함평군 해보면 신해로 1027-0,57116,국군함평치과병원,치과병원,162496.803763088    ,187318.933512452    ,치과병원,3,0,0,0,404 403 402,"구강악안면외과, 치과보철과, 치과교정과"
병원,5050000,PHMA220145050041021200002,2014-07-11,영업중,,경상북도 경주시 성동동 131번지 2호 대득빌딩,"경상북도 경주시 원화로 299, 대득빌딩 (성동동)",38139,그랜드치과병원,치과병원,400216.488225255    ,263076.727431954    ,치과병원,4,0,0,1142.42,205 202 203 201 206,"구강악안면외과, 치과보철과, 치과교정과, 치주과, 치과보존과"
병원,5070000,PHMA220115070014021200001,2011-01-28,영업중,760-310,경상북도 안동시 옥동 640번지 6호 (2.3.4층),"경상북도 안동시 경북대로 366, 2.3.4층 (옥동)",36665,라온치과병원,치과병원,352427.009116747    ,341522.620336417    ,치과병원,3,0,0,1001.64,412 411 409 408 407 406 405 404 403 402,"구강악안면외과, 치과보철과, 치과교정과, 소아치과, 치주과, 치과보존과, 구강내과, 영상치의학과, 예방치과, 통합치의학과"
병원,5070000,PHMA220175070014021200001,2017-03-17,영업중,,"경상북도 안동시 송현동 368번지 1호 1층, 4~6층","경상북도 안동시 노하길 431, 애플타워 1층, 4~6층 (송현동)",36632,로이스제일치과병원,치과병원,351836.661567646    ,342688.728999805    ,치과병원,3,0,0,1273.74,411 410 409 408 407 406 405 404 403,"치과보철과, 치과교정과, 소아치과, 치주과, 치과보존과, 구강내과, 영상치의학과, 구강병리과, 예방치과"
병원,5080000,PHMA220115080035021200001,2011-11-29,영업중,730-360,경상북도 구미시 진평동 1023번지 1호,경상북도 구미시 인동가산로 14 (진평동),39397,의료법인여연의료재단인동엘리트치과병원,치과병원,327591.840913753    ,290553.67907798     ,치과병원,4,0,0,350,408 407 406 404 403 402,"구강악안면외과, 치과보철과, 치과교정과, 치주과, 치과보존과, 구강내과"
병원,5080000,PHMA220065080035021200001,2006-07-25,영업중,730-300,경상북도 구미시 구평동 450번지 2호,"경상북도 구미시 인동36길 17, 3층 (구평동, 보람빌딩)",39449,가이드치과병원,치과병원,328932.158365741    ,288998.12725905     ,치과병원,3,0,0,0,406 405 404,"치과교정과, 소아치과, 치주과"
병원,5080000,PHMA220075080035021200001,2007-04-02,영업중,,경북 구미시 진평동 1033-2층,"경상북도 구미시 인동가산로 28, 4층 (진평동)",39397,구미예치과병원,치과병원,327695.978966641    ,290451.877301234    ,치과병원,1,0,0,0,408,구강내과
병원,5080000,PHMA220175080035021200004,2017-06-02,영업중,,경상북도 구미시 형곡동 144번지 7호 미르빌딩,"경상북도 구미시 신시로 69, 미르빌딩 4~10층 (형곡동)",39294,구미미르치과병원,치과병원,320462.753923275    ,291225.207622189    ,치과병원,6,0,0,4592.16,411 408 407 406 405 404 403,"치과보철과, 치과교정과, 소아치과, 치주과, 치과보존과, 구강내과, 예방치과"
병원,5130000,PHMA220115130030021200002,2011-07-20,영업중,712-060,"경상북도 경산시 중방동 870번지 6호  (2층,3층)","경상북도 경산시 경안로 186, 2.3층 (중방동)",38618,경산라온치과병원,치과병원,356975.885240666    ,259626.761451294    ,치과병원,2,0,0,936.01,412 408 407 406 403,"치과보철과, 치주과, 치과보존과, 구강내과, 통합치의학과"
병원,5130000,PHMA220055130030021200001,2005-07-19,영업중,712-130,경상북도 경산시 대평동 439-5번지,경상북도 경산시 경안로65길 5-10 (대평동),38504,경산미르치과병원,치과병원,356599.815771747    ,260791.194202436    ,치과병원,4,0,0,996.11,409 408 407 406 405 404 403 402,"구강악안면외과, 치과보철과, 치과교정과, 소아치과, 치주과, 치과보존과, 구강내과, 영상치의학과"
병원,5310000,PHMA220085310029021200004,2008-10-31,영업중,,경상남도 진주시 칠암동 510번지 8호,"경상남도 진주시 진주대로 922, 4,5,7층 (칠암동)",52724,진주미르치과병원,치과병원,299170.660451099    ,187588.592974295    ,치과병원,6,0,0,1488.19,412 411 410 409 407 406 405 403 402,"구강악안면외과, 치과보철과, 소아치과, 치주과, 치과보존과, 영상치의학과, 구강병리과, 예방치과, 통합치의학과"
병원,5310000,PHMA220175310029021200002,2017-10-17,영업중,,경상남도 진주시 상대동 310-32,"경상남도 진주시 대신로 211, 4-5층 (상대동)",52798,365우리들치과병원,치과병원,301680.852510002    ,187237.687244365    ,치과병원,2,0,0,950.39,411 407 406 405 403,"치과보철과, 소아치과, 치주과, 치과보존과, 예방치과"
병원,5350000,PHMA220105350029021200001,2010-03-03,영업중,,,경상남도 김해시 가야로 193 (삼계동),50900,삼계뉴욕치과병원,치과병원,370316.755002232    ,197272.463538728    ,치과병원,8,0,0,1453.82,412 411 410 409 408 407 406 405 404 403 402,"구강악안면외과, 치과보철과, 치과교정과, 소아치과, 치주과, 치과보존과, 구강내과, 영상치의학과, 구강병리과, 예방치과, 통합치의학과"
병원,5350000,PHMA220175350029021200003,2017-04-07,영업중,,경상남도 김해시 외동 1394,"경상남도 김해시 전하로 287, 지하1층~5층 B01,101,201,301,401,501호 (외동)",50962,우가주치과병원,치과병원,370247.220193441    ,193767.527984685    ,치과병원,4,0,0,861.27,411 410 409 408 407 406 405 404 403 402,"구강악안면외과, 치과보철과, 치과교정과, 소아치과, 치주과, 치과보존과, 구강내과, 영상치의학과, 구강병리과, 예방치과"
병원,5350000,PHMA220165350029021200003,2016-02-26,영업중,,,"경상남도 김해시 가락로 19, 401호 (부원동, 아름다운뉴욕메디컬센터)",50926,부원뉴욕치과병원,치과병원,371286.686750973    ,193752.791856146    ,치과병원,5,0,0,682.03,412 411 410 408 407 406 405 404 403 402,"구강악안면외과, 치과보철과, 치과교정과, 소아치과, 치주과, 치과보존과, 구강내과, 구강병리과, 예방치과, 통합치의학과"
병원,5350000,PHMA220025350029021200001,2002-09-24,영업중,,,경상남도 김해시 내외중앙로 86 (내동),50948,뉴욕치과병원,치과병원,369931.509820409    ,194742.420246929    ,치과병원,10,0,0,1765.95,412 411 410 409 408 407 406 405 404 403 402,"구강악안면외과, 치과보철과, 치과교정과, 소아치과, 치주과, 치과보존과, 구강내과, 영상치의학과, 구강병리과, 예방치과, 통합치의학과"
병원,5350000,PHMA220085350029021200002,2008-04-30,영업중,,,경상남도 김해시 김해대로 2361 (부원동),50925,자기치아살리기365일야간드림플란트치과병원,치과병원,371544.274724453    ,193586.221638068    ,치과병원,13,0,0,1568.24,402 403 404 405 406 407 408 409 410 411,"구강악안면외과, 치과보철과, 치과교정과, 소아치과, 치주과, 치과보존과, 구강내과, 영상치의학과, 구강병리과, 예방치과"
병원,5350000,PHMA220235350356021200002,2023-11-28,영업중,,경상남도 김해시 대청동 305-2,경상남도 김해시 계동로 221 (대청동),51004,장유뉴욕치과병원,치과병원,364080.626844459    ,189444.364706548    ,치과병원,1,0,0,1814.54,412 411 410 409 407 406 405 404 403 402,"구강악안면외과, 치과보철과, 치과교정과, 소아치과, 치주과, 치과보존과, 영상치의학과, 구강병리과, 예방치과, 통합치의학과"
병원,5370000,PHMA220115370025021200001,2011-04-28,영업중,,,"경상남도 거제시 거제중앙로 1925, 3층 (고현동, 지제이빌딩)",53252,고운가이드치과병원,치과병원,348200.72684869     ,155762.887861587    ,치과병원,1,0,0,706.55,403 406 407,"치과보철과, 치주과, 치과보존과"
병원,5370000,PHMA220155370025021200001,2015-07-06,영업중,,,"경상남도 거제시 거제중앙로 1932, 6층 (고현동)",53251,메디칼치과병원,치과병원,348237.217967411    ,155832.359702543    ,치과병원,2,0,0,360,409 408 407 406 405 404 403,"치과보철과, 치과교정과, 소아치과, 치주과, 치과보존과, 구강내과, 영상치의학과"
병원,5370000,PHMA220075370025021200003,2007-04-13,영업중,,,"경상남도 거제시 거제중앙로 1930-11, 2,3,4층 (고현동, 미르치과병원)",53251,미르치과병원,치과병원,348305.375840431    ,155872.799263402    ,치과병원,3,0,0,884,411 409 408 407 406 404 403,"치과보철과, 치과교정과, 치주과, 치과보존과, 구강내과, 영상치의학과, 예방치과"
병원,5380000,PHMA220185380021021200003,2018-08-21,영업중,,경상남도 양산시 북부동 699번지 1호 2층,"경상남도 양산시 양산대로 886, 2층 (북부동)",50616,더이로운치과병원,치과병원,385100.596537981    ,207469.1304634      ,치과병원,5,0,0,489.2,411 410 409 408 407 406 405 404 403 402,"구강악안면외과, 치과보철과, 치과교정과, 소아치과, 치주과, 치과보존과, 구강내과, 영상치의학과, 구강병리과, 예방치과"
병원,5380000,PHMA220095380021021200003,2009-09-25,영업중,,,경상남도 양산시 물금읍 금오로 20,50612,양산부산대학교치과병원,치과병원,382412.860354693    ,204706.94504136     ,치과병원,172,10,36,12443.68,109 402 403 404 405 406 407 408 409,"마취통증의학과, 구강악안면외과, 치과보철과, 치과교정과, 소아치과, 치주과, 치과보존과, 구강내과, 영상치의학과"
병원,5380000,PHMA220115380021021200001,2011-01-03,영업중,,,"경상남도 양산시 양산역로 71, 8,9층 (중부동, 노바메디컬케어)",50629,유어스치과병원,치과병원,384382.433999032    ,205920.308193029    ,치과병원,4,0,0,989.47,412 411 410 409 408 407 406 405 404 403 402,"구강악안면외과, 치과보철과, 치과교정과, 소아치과, 치주과, 치과보존과, 구강내과, 영상치의학과, 구강병리과, 예방치과, 통합치의학과"
병원,5530000,PHMA220215530440021200003,2021-06-14,영업중,,경기도 화성시 동탄구 오산동 969-1,"경기도 화성시 동탄구 동탄오산로 86-3, 동탄역MK타워 504,505,506호 (오산동)",18478,동탄센트럴치과병원,치과병원,208609.496428221    ,410699.575578892    ,치과병원,5,0,0,303.6,412 411 409 408 407 406 405 404 403 402,"구강악안면외과, 치과보철과, 치과교정과, 소아치과, 치주과, 치과보존과, 구강내과, 영상치의학과, 예방치과, 통합치의학과"
병원,5540000,PHMA220175540016021200002,2017-04-17,영업중,,,"경기도 광주시 광주대로 35, 5층 (경안동)",12758,스마일디자인치과병원,치과병원,222966.376546546    ,434212.615121506    ,치과병원,7,0,0,859.91,402 403 404 405 406 407 408 409 410 411 412,"구강악안면외과, 치과보철과, 치과교정과, 소아치과, 치주과, 치과보존과, 구강내과, 영상치의학과, 구강병리과, 예방치과, 통합치의학과"
병원,5590000,PHMA220245590021021200001,2024-12-27,영업중,,경기도 양주시 옥정동 963-4,"경기도 양주시 옥정로 222, 401~405호 (옥정동)",11473,서울수려한치과병원,치과병원,208043.505977284    ,479875.38250011     ,치과병원,5,0,0,1284.71,412 411 410 409 408 407 406 405 404 403,"치과보철과, 치과교정과, 소아치과, 치주과, 치과보존과, 구강내과, 영상치의학과, 구강병리과, 예방치과, 통합치의학과"
병원,5670000,PHMA220235670554021200002,2023-04-06,영업중,,경상남도 창원시 성산구 상남동 14-2 서우빌딩,"경상남도 창원시 성산구 마디미로16번길 9, 서우빌딩 6층 601호 (상남동)",51495,더앞선치과병원,치과병원,353243.228224902    ,192851.70793376     ,치과병원,3,0,0,434,412 411 410 409 408 407 406 405 404 403 402,"구강악안면외과, 치과보철과, 치과교정과, 소아치과, 치주과, 치과보존과, 구강내과, 영상치의학과, 구강병리과, 예방치과, 통합치의학과"
병원,5670000,PHMA220075270048021200002,2007-07-06,영업중,,창원시 상남동 73-3 서울메디칼센터5층,"경상남도 창원시 성산구 상남로 73 (상남동, 서울메디컬빌딩5층)",51504,램브란트치과병원,치과병원,352858.419158562    ,192567.039930214    ,치과병원,3,0,0,825,411 408 407 406 405 404 403,"치과보철과, 치과교정과, 소아치과, 치주과, 치과보존과, 구강내과, 예방치과"
병원,5670000,PHMA220105280165021200003,2010-05-17,영업중,,"경상남도 창원시 마산회원구 석전동 224번지 16호 2층, 3층","경상남도 창원시 마산회원구 양덕로 194 (석전동, 영광약국)",51315,라온치과병원,치과병원,343773.176933242    ,193950.234165115    ,치과병원,6,0,0,977.21,412 411 410 409 408 407 406 405 404 403 402,"구강악안면외과, 치과보철과, 치과교정과, 소아치과, 치주과, 치과보존과, 구강내과, 영상치의학과, 구강병리과, 예방치과, 통합치의학과"
병원,5670000,PHMA220105670071021200002,2010-12-01,영업중,,,"경상남도 창원시 진해구 진해대로776번길 27, 5층 (이동, 온메디칼빌딩)",51659,온치과병원,치과병원,354690.136441258    ,185428.1485298      ,치과병원,4,0,0,577.3,402 403 404 406 407 408 412,"구강악안면외과, 치과보철과, 치과교정과, 치주과, 치과보존과, 구강내과, 통합치의학과"
병원,5670000,PHMA220215670071021200001,2021-05-04,영업중,,,"경상남도 창원시 진해구 진해대로 752, 아리온시네마빌딩 3층 304,309호 (석동)",51674,연세모먼트치과병원,치과병원,354588.539807542    ,185722.529183803    ,치과병원,3,0,0,482.46,402 403 404 405 406 407 408 409 410 411 412,"구강악안면외과, 치과보철과, 치과교정과, 소아치과, 치주과, 치과보존과, 구강내과, 영상치의학과, 구강병리과, 예방치과, 통합치의학과"
병원,5670000,PHMA220125670071021200001,2012-01-27,영업중,,,경상남도 창원시 진해구 진해대로 765 (석동),51586,진해라온치과병원,치과병원,354753.05389059     ,185746.655521527    ,치과병원,3,0,0,798,402 403 404 406 407 408,"구강악안면외과, 치과보철과, 치과교정과, 치주과, 치과보존과, 구강내과"
병원,5670000,PHMA220005270048021200001,2000-05-08,영업중,,,"경상남도 창원시 성산구 원이대로 595, 고운메디컬빌딩 (용호동)",51436,고운치과병원,치과병원,352898.189712581    ,193374.866739739    ,치과병원,8,0,0,1299,411 408 407 406 404 403 402,"구강악안면외과, 치과보철과, 치과교정과, 치주과, 치과보존과, 구강내과, 예방치과"
병원,5670000,PHMA220005270048021200002,2000-05-12,영업중,,,"경상남도 창원시 성산구 중앙대로 99 (중앙동, 신한은행빌딩3,4,5층)",51515,화인치과병원,치과병원,352804.770754958    ,192926.834404433    ,치과병원,5,0,0,0,403 404 406 407 408 409 411 412,"치과보철과, 치과교정과, 치주과, 치과보존과, 구강내과, 영상치의학과, 예방치과, 통합치의학과"
병원,5680000,PHMA220104630020021200001,2010-08-31,영업중,,충청남도 당진시 읍내동 224번지 4호 진원스타타워,"충청남도 당진시 당진중앙2로 103-8, 8, 9층 (읍내동, 진원스타타워)",31770,의료법인 이손의료재단 이손치과병원,치과병원,166994.732359346    ,377065.76074724     ,치과병원,3,0,0,503.21,411 409 408 407 406 405 404 403 402,"구강악안면외과, 치과보철과, 치과교정과, 소아치과, 치주과, 치과보존과, 구강내과, 영상치의학과, 예방치과"
병원,5690000,PHMA220175690163021200001,2017-08-22,영업중,,세종특별자치시 어진동 609 단국빌딩,"세종특별자치시 도움8로 87, 단국빌딩 1(일부), 3층 (어진동)",30107,단국대학교 치과대학 세종치과병원,치과병원,224218.934401201    ,333742.247575869    ,치과병원,13,2,5,4566.66,412 407 406 405 404 403 402 109,"마취통증의학과, 구강악안면외과, 치과보철과, 치과교정과, 소아치과, 치주과, 치과보존과, 통합치의학과"
병원,5710000,PHMA220004360079021200055,2000-08-11,영업중,,충청북도 청주시 서원구 분평동 1235,충청북도 청주시 서원구 청남로 1990 (분평동),28797,참조은치과병원,치과병원,243253.028442299    ,345519.176659634    ,치과병원,5,0,0,1012.01,408 407 406 405 404 403,"치과보철과, 치과교정과, 소아치과, 치주과, 치과보존과, 구강내과"
병원,5710000,PHMA220215710108021200003,2021-08-05,영업중,,충청북도 청주시 흥덕구 송정동 329-4 청주산업단지 비즈니스센터 4호,"충청북도 청주시 흥덕구 대신로 132, 청주산업단지 비즈니스센터 2,3층 (송정동)",28443,서울좋은치과병원,치과병원,238909.399244749    ,349390.844809463    ,치과병원,5,0,0,1869.59,412 407 404 403 402,"구강악안면외과, 치과보철과, 치과교정과, 치과보존과, 통합치의학과"
병원,6280000,201762800002000004,2017-10-19,정상,, ,인천광역시 연수구 컨벤시아대로 69 (송도동),,22세기서울치과병원,치과병원,169021.396274426    ,432677.916267877    ,치과의사,6,0,0,648.96,,
병원,6280000,202262800002000004,2022-09-14,정상,,인천광역시 중구 중산동  1873번지 1호 영종M타워 1호,"인천광역시 중구 하늘중앙로225번길 3-0, 영종M타워층 301302호 (중산동,영종M타워)",,슈어치과교정과치과병원,치과병원,160875.136774755    ,442980.922652668    ,치과의사,2,0,0,546.2,,
병원,6280000,201362800002000002,2013-06-14,정상,,인천광역시 연수구 송도동  3번지 2호 드림시티 701호 704호 2호,"인천광역시 연수구 컨벤시아대로 81, 드림시티704호층 (송도동,드림시티 701호 704호)",,서울시카고치과병원,치과병원,168950.36271031     ,432597.078074858    ,치과의사,5,2,2,742,"치과,성형외과","치과,성형외과"
병원,6290000,200862900002000016,2008-11-05,정상,,광주광역시 북구 용봉동  300번지 ,,,전남대학교치과병원,치과병원,191342.627620633    ,186342.616202101    ,의사,92,22,44,0,"구강악안면외과, 치과보철과, 치과교정과, 소아치과, 치주과, 치과보존과, 구강내과, 구강악안면방사선과, 내과 ,마취통증의학과(10개과)","구강악안면외과, 치과보철과, 치과교정과, 소아치과, 치주과, 치과보존과, 구강내과, 구강악안면방사선과, 내과 ,마취통증의학과(10개과)"
병원,6290000,200762900002000021,2007-11-30,정상,,"광주광역시 광산구 월계동  868번지 2호 (4, 5층) 2호",,,에스엠치과병원,치과병원,185765.5275         ,190898.41           ,치과의사,23,2,2,0,치과,치과
병원,6290000,200662900002000005,2006-06-23,정상,,광주광역시 광산구 쌍암동  694번지 11호 11호,,,첨단미르치과병원,치과병원,186315.305491064    ,190901.97748666     ,치과의사,9,6,8,0,치과,치과
병원,6290000,201362900002000002,2013-01-02,정상,,광주광역시 서구 내방동  700번지 1호 1호,광주광역시 서구 화운로 700-1 (내방동),,기아치과병원,치과병원,188286.940481896    ,184993.288201626    ,치과의사,4,0,0,0,,
병원,6290000,201462900002000013,2014-03-19,정상,,광주광역시 서구 치평동  1294번지 5호 5호,광주광역시 서구 상무공원로 7 (치평동),,예인원치과병원,치과병원,185484.394206382    ,182738.070269006    ,치과의사,2,0,0,0,치과,치과
병원,6290000,201162900002000015,2011-04-04,정상,,광주광역시 서구 금호동  793번지 3호 3호,,,명인치과병원,치과병원,187089.066404255    ,181438.980345981    ,치과의사,5,0,0,0,"치과, 한방내과, 사상체질과, 침구과","치과, 한방내과, 사상체질과, 침구과"
병원,6290000,198362900002000015,2006-01-31,정상,,광주광역시 동구 서석동  421번지 ,,,조선대학교치과병원,치과병원,,,,103,2,10,0,"구강악안면외과, 치과보철과, 치과교정과, 소아치과, 치주과, 치과보존과, 구강내과, 구강악안면방사선과, 예방치과, 구강병리과","구강악안면외과, 치과보철과, 치과교정과, 소아치과, 치주과, 치과보존과, 구강내과, 구강악안면방사선과, 예방치과, 구강병리과"
병원,6290000,200362900002000003,2003-08-01,정상,,광주광역시 서구 치평동  231번지 운천로 231 ,,,미르치과병원,치과병원,,,치과의사,17,0,0,0,치과,치과
병원,6300000,201263000002000004,2012-01-20,정상,,대전광역시 대덕구 신탄진동  175번지 1호 1호,대전광역시 대덕구 신탄진로 782-0 (신탄진동),,이엘치과병원,치과병원,238478.155972626    ,327439.753186625    ,치과의사,11,6,8,2072,,
병원,6300000,199763000002000002,1997-03-13,정상,,대전광역시 중구 중촌동  394번지 1호 부원빌딩 1호,"대전광역시 중구 대종로 645-0, 부원빌딩층 (중촌동,부원빌딩)",,의료법인 영훈의료재단 선치과병원,치과병원,237098.147701951    ,315310.570197373    ,,26,5,7,4650.31,,
병원,6300000,200663000002000001,2006-06-01,정상,,대전광역시 유성구 반석동  638번지 8호 8호,"대전광역시 유성구 반석로 24-0, 2층,3층층 (반석동)",,에이스마일치과병원,치과병원,227923.355630097    ,321248.82808225     ,의사,4,0,0,470,,
병원,6300000,200763000002000001,2007-03-12,,, ,"대전광역시 서구 둔산로 77-0,  (둔산동)층 (둔산동)",,원광대학교 대전치과병원,치과병원,234268.89615122     ,316816.342793612    ,,54,7,14,6339.51,,
병원,6300000,201663000002000007,2016-06-30,정상,, ,"대전광역시 동구 동서대로 1641, 6,7층 (용전동)층 (용전동)",,서울치과병원,치과병원,238757.124804421    ,316445.248215433    ,치과의사,4,0,0,1000.9,,
병원,6300000,199863000002000002,1998-01-21,정상,, ,"대전광역시 유성구 자운로 90,  (자운동)층 (자운동)",,국군대전치과병원,치과병원,231289.819993671    ,322098.782215697    ,,14,4,17,1115.69,,
병원,6300000,198763000002000001,1987-12-11,,, ,"대전광역시 유성구 유성대로 721-0,  (장대동)층 (장대동)",,의료법인 성전의료재단 온스타치과병원,치과병원,229724.857858959    ,317549.513126102    ,,2,0,0,2042.36,,
병원,6430000,202164300002000007,2021-08-05,정상,, ,"충청북도 청주시 흥덕구 대신로 132-0, 청주산업단지비즈니스센터층 (송정동)",,서울좋은치과병원,치과병원,238909.399244749    ,349390.844809463    ,치과의사,9,0,0,1869.59,,
병원,6430000,200064300002000001,2000-08-11,정상,,충청북도 청주시 서원구 분평동  1235번지 0호 0호,충청북도 청주시 서원구 청남로 1990-0 (분평동),,참조은치과병원,치과병원,243253.028442299    ,345519.176659634    ,치과의사,4,0,0,0,,
병원,6430000,201564300002000004,2015-04-01,정상,, ,"충청북도 충주시 봉계1길 42,  (봉방동)층 (봉방동)",,서울더블유치과병원,치과병원,281399.304658879    ,386908.280309573    ,치과의사,7,3,3,722,,
병원,6430000,201764300002000003,2017-11-03,,, ,"충청북도 청주시 흥덕구 강서로 115-1,  (강서동)층 (강서동)",,에이라인치과병원,치과병원,238290.857197663    ,347204.241090982    ,,5,0,0,621.91,,
병원,6440000,198464400002000001,1984-09-20,정상,, ,"충청남도 천안시 동남구 단대로 119,  (안서동)층 (안서동)",,단국대학교치과대학 부속치과병원,치과병원,215074.474385026    ,370829.421252051    ,,123,4,4,12924,,
병원,6440000,201364400002000009,2013-05-14,정상,,충청남도 아산시 배방읍 장재리 1725번지 ,충청남도 아산시 배방읍 희망로46번길 19-3,,산울의료재단 스파인치과병원,치과병원,209251.177135759    ,365276.260461879    ,치과의사,3,1,5,863,"치과보철과, 치과교정과, 치과보존과, 치주과, 예방치과","치과보철과, 치과교정과, 치과보존과, 치주과, 예방치과"
병원,6440000,200464400002000003,2004-12-18,정상,,충청남도 천안시 서북구 성정동  1535번지 ,충청남도 천안시 서북구 동서대로 129 (성정동),,가온치과병원,치과병원,212220.782921757    ,369427.963493379    ,치과의사,8,4,6,1690,"치과,마취통증의학과","치과,마취통증의학과"
병원,6440000,201064400002000008,2010-08-31,정상,, ,"충청남도 당진시 당진중앙2로 103-8, 진원스타타워층 (읍내동)",,이손의료재단 당진이치과병원,치과병원,166994.732359346    ,377065.76074724     ,치과의사,3,3,3,1042,,
병원,6440000,200964400002000002,2015-10-06,정상,,충청남도 천안시 서북구 쌍용동  220번지 13호 13호,충청남도 천안시 서북구 서부대로 350 (쌍용동),,연세우일치과병원,치과병원,211224.430364995    ,366355.262543142    ,치과의사,4,0,0,1192,"구강악안면외과, 보철과, 보존과, 치주과, 교정과, 소아치과, 예방치과","구강악안면외과, 보철과, 보존과, 치주과, 교정과, 소아치과, 예방치과"
병원,6440000,200864400002000018,2008-07-24,정상,,충청남도 태안군 태안읍 남문리 702번지 1호 1호,충청남도 태안군 태안읍 동백로 310,,경희치과병원,치과병원,137766.361817092    ,360930.38594362     ,치과의사,2,0,0,627,"치과(보존과, 보철과, 교정과), 치주과, 구강악안면외과","치과(보존과, 보철과, 교정과), 치주과, 구강악안면외과"
병원,6440000,199864400002000003,1998-05-18,정상,,충청남도 천안시 서북구 불당동  1534번지 0호 0호,"충청남도 천안시 서북구 불당25로 176-0, 율곡스퀘어층 (불당동)",,열린치과병원,치과병원,209665.080510471    ,368317.230536408    ,치과의사,4,0,0,487.7,"치주과, 치과보존과, 소아치과","치주과, 치과보존과, 소아치과"
병원,6440000,200364400002000005,2003-01-09,정상,,충청남도 천안시 동남구 구성동  293번지 49호 49호,충청남도 천안시 동남구 충절로 283 (구성동),,고려치과병원,치과병원,214253.403750684    ,365847.80519461     ,치과의사,2,0,0,628,,
병원,6440000,201764400002000003,2017-03-16,정상,,충청남도 천안시 서북구 불당동  1617번지 ,충청남도 천안시 서북구 불당33길 26 (불당동),,더보스톤치과병원,치과병원,209553.424107292    ,367899.341059829    ,치과의사,6,2,2,507,,
병원,6440000,200164400002000001,2001-10-18,정상,, ,"충청남도 천안시 동남구 만남로 52, 52층 (신부동)",,문치과병원,치과병원,214012.423374065    ,368594.262016402    ,,11,3,5,0,,
병원,6440000,200964400002000014,2009-10-30,정상,,"충청남도 천안시 서북구 불당동  739번지 데이지앤빌딩 5층, 7층 ","충청남도 천안시 서북구 불당4로 91 (불당동,데이지앤빌딩 5층, 7층)",,참조은치과병원,치과병원,209829.983998216    ,367634.085066589    ,치과의사,5,0,0,1004,"치과보철과, 치과보존과, 치주과, 치과교정과, 소아치과","치과보철과, 치과보존과, 치주과, 치과교정과, 소아치과"
병원,6460000,201664600002000007,2016-07-14,정상,,전라남도 여수시 학동  43번지 5호 5호,전라남도 여수시 시청로 48 (학동),,그랜드치과병원,치과병원,260637.99884297     ,141013.019341819    ,치과의사,2,0,0,1004,,
병원,6460000,200764600002000009,2007-05-16,정상,,전라남도 함평군 해보면 금덕리 527번지 0호 0호,전라남도 함평군 해보면 신해로 1027-0,,국군함평치과병원,치과병원,162496.803763088    ,187318.933512452    ,,3,0,0,0,"치과보존과, 구강악안면외과, 치과보철과, 치과교정과, 구강악안면방사선과, 구강내과, 치주과","치과보존과, 구강악안면외과, 치과보철과, 치과교정과, 구강악안면방사선과, 구강내과, 치주과"
병원,6460000,200964600002000002,2009-03-25,정상,, ,"전라남도 목포시 백년대로 319,  (상동)층 (상동)",,미르치과병원,치과병원,147055.453490733    ,145327.140845263    ,치과의사,17,0,0,0,,
병원,6460000,201364600002000011,2013-12-26,정상,,전라남도 무안군 삼향읍 남악리 2151번지 ,전라남도 무안군 삼향읍 남악3로 50,,신우치과병원,치과병원,150579.100504053    ,145841.374093494    ,치과의사,7,0,0,0,"구강악안면외과, 치과보철과, 치과교정과, 소아치과, 치주과, 치과보존과","구강악안면외과, 치과보철과, 치과교정과, 소아치과, 치주과, 치과보존과"
병원,6460000,200764600002000001,2007-02-22,정상,,전라남도 여수시 학동  196번지 10호 10호,전라남도 여수시 소호로 618 (학동),,의료법인 모아의료재단 모아치과병원,치과병원,260073.893802859    ,140018.178997822    ,치과의사,8,1,1,1459.04,"치과보철과, 치과보존과, 구강악안면외과, 치과교정과, 소아치과, 치주과","치과보철과, 치과보존과, 구강악안면외과, 치과교정과, 소아치과, 치주과"
병원,6460000,202464600002000001,2024-04-29,정상,,전라남도 무안군 삼향읍 남악리 2265번지 0호 중앙프라자 0호,"전라남도 무안군 삼향읍 남악4로 49-0, 중앙프라자층 602호 (중앙프라자)",,목포스마트원치과병원,치과병원,151018.167646558    ,145841.290878446    ,치과의사,2,0,0,574.04,,
병원,6460000,200864600002000017,2008-11-24,정상,,전라남도 목포시 상동  848번지 2호 2호,전라남도 목포시 비파로 91 (상동),,예닮치과병원,치과병원,147238.83203029     ,145436.212204218    ,치과의사,15,0,0,0,"구강악안면외과, 치과보철과, 치과교정과, 소아치과, 치주과, 치과보존과","구강악안면외과, 치과보철과, 치과교정과, 소아치과, 치주과, 치과보존과"
병원,6470000,201164700002000011,2011-01-28,정상,,경상북도 안동시 옥동  640번지 6호 6호,경상북도 안동시 경북대로 366 (옥동),,라온치과병원,치과병원,352427.009116747    ,341522.620336417    ,치과의사,2,2,2,1689.42,"구강악안면외과,치과보철과,치과교정과,소아치과치주과, 치과보존과, 구강내과, 구강악안면방사선과","구강악안면외과,치과보철과,치과교정과,소아치과치주과, 치과보존과, 구강내과, 구강악안면방사선과"
병원,6470000,200764700002000017,2007-04-02,정상,,경상북도 구미시 진평동  1033번지 ,경상북도 구미시 인동가산로 28 (진평동),,구미예치과병원,치과병원,327695.978966641    ,290451.877301234    ,치과의사,1,0,0,0,"구강내과, 구강악안면외과, 치과교정과, 치주과, 치과보철과, 치과보존과, 예방치과","구강내과, 구강악안면외과, 치과교정과, 치주과, 치과보철과, 치과보존과, 예방치과"
병원,6470000,200564700002000001,2005-07-19,정상,,경상북도 경산시 대평동  439번지 5호 5호,경상북도 경산시 경안로65길 5-10 (대평동),,경산미르치과병원,치과병원,356599.815771747    ,260791.194202436    ,치과의사,3,0,0,0,"구강내과, 치주과, 소아치과, 치과보철과, 치과보존과, 치과교정과, 구강악안면외과,구강악안면방사선과","구강내과, 치주과, 소아치과, 치과보철과, 치과보존과, 치과교정과, 구강악안면외과,구강악안면방사선과"
병원,6470000,201164700002000023,2011-11-29,정상,,경상북도 구미시 진평동  1023번지 1호 1호,경상북도 구미시 인동가산로 14 (진평동),,의료법인 여연의료재단 인동엘리트치과병원,치과병원,327591.840913753    ,290553.67907798     ,,1,0,0,665.8,치과,치과
병원,6470000,200764700002000006,2006-07-25,정상,,경상북도 구미시 구평동  450번지 2호 보람빌딩 2호,"경상북도 구미시 인동36길 17, 보람빌딩층 (구평동,보람빌딩)",,가이드치과병원,치과병원,328932.158365741    ,288998.12725905     ,치과의사,3,2,2,0,"치과보철과,치과교정과,소아치과,치주과","치과보철과,치과교정과,소아치과,치주과"
병원,6470000,200364700002000004,2007-07-02,정상,,경상북도 포항시 북구 죽도동  644번지 6호 6호,경상북도 포항시 북구 포스코대로 288 (죽도동),,미르치과병원,치과병원,412262.508762294    ,282515.736345074    ,치과의사,13,0,0,4107,"구강악안면외과, 치과보철과, 치과교정과, 소아치과, 치주과, 치과보존과, 구강내과","구강악안면외과, 치과보철과, 치과교정과, 소아치과, 치주과, 치과보존과, 구강내과"
병원,6470000,201164700002000015,2011-07-20,정상,,경상북도 경산시 중방동  870번지 6호 6호,경상북도 경산시 경안로 186-0 (중방동),,경산라온치과병원,치과병원,356975.885240666    ,259626.761451294    ,치과의사,2,0,0,600.55,"구강악안면외과,치과보철과,치과보존과,구강내과","구강악안면외과,치과보철과,치과보존과,구강내과"
병원,6470000,201464700002000019,2014-07-11,정상,, ,경상북도 경주시 원화로 299 (성동동),,그랜드치과병원,치과병원,400216.488225255    ,263076.727431954    ,치과의사,5,0,0,0,"치주과, 치과보철과, 치과교정과, 구강악안면외과, 치과보존과","치주과, 치과보철과, 치과교정과, 구강악안면외과, 치과보존과"
병원,6470000,201764700002000011,2017-06-02,정상,,"경상북도 구미시 송정동  460번지 14호 2층,3층,4층,6층 14호","경상북도 구미시 송정대로 40-1 (송정동,2층,3층,4층,6층)",,라온치과병원,치과병원,320867.47046055     ,291607.312488605    ,치과의사,2,0,0,704.89,,
병원,6470000,201764700002000012,2017-06-02,정상,,경상북도 구미시 형곡동  144번지 7호 미르빌딩 7호,"경상북도 구미시 신시로 69-0, 미르빌딩층 4층~10층호 (형곡동,미르빌딩)",,구미미르치과병원,치과병원,320462.753923275    ,291225.207622189    ,치과의사,10,0,0,4592.16,,
병원,6470000,201764700002000003,2017-03-17,정상,,경상북도 안동시 송현동  368번지 1호 1호,"경상북도 안동시 노하길 431-0, 애플타워1,4~6층층 (송현동)",,로이스제일치과병원,치과병원,351836.661567646    ,342688.728999805    ,치과의사,5,0,0,1273.74,,
병원,6510000,PHMA220166510096021200002,2016-11-07,영업중,,제주특별자치도 제주시 이도일동 1774번지 2호 6.7.8층,"제주특별자치도 제주시 서광로 301, 6.7.8층 (이도일동)",63198,그랜드치과병원,치과병원,156098.729232287    ,597.793295022521    ,치과병원,4,0,0,932,407 406 405 404 403,"치과보철과, 치과교정과, 소아치과, 치주과, 치과보존과"
병원,6530000,201564200002000004,2015-09-09,,, ,"강원특별자치도 속초시 동해대로 4236- ,  8층 (교동,아남프라자)층 (교동)",,위덴치과병원,치과병원,,,,3,0,0,810,,
병원,6530000,201764200002000001,2017-05-12,정상,, ,"강원특별자치도 원주시 서원대로 188,  (단계동)층 (단계동)",,그랜드치과병원,치과병원,282529.751898657    ,427262.864678469    ,치과의사,2,0,0,670.54,,
병원,6530000,199764200002000004,1997-11-21,,, ,"강원특별자치도 강릉시 죽헌길 7-0,  (지변동)층 (지변동)",,강릉원주대학교치과병원,치과병원,364627.278082023    ,475810.449226925    ,치과의사,104,7,17,8669.72,,
병원,6540000,200764500002000101,2007-01-05,정상,,전북특별자치도 전주시 완산구 중화산동2가  142번지 11호 미르치과병원 11호,"전북특별자치도 전주시 완산구 백제대로 218-0, 미르치과병원층 (중화산동2가,미르치과병원)",,미르치과병원,치과병원,211100.91377147     ,256927.084539148    ,치과의사,5,0,0,1149.16,,
병원,6540000,201564500002000107,2015-08-26,정상,, ,"전북특별자치도 전주시 덕진구 건지로 20, (치과병원동,장애인구강진료센터)동 (금암동, 전북대학교병원)층 (금암동)",,전북대학교치과병원,치과병원,212643.409434018    ,260771.391204993    ,의사,91,2,5,10707.53,,
병원,6540000,198464500002000101,1984-02-03,정상,, ,"전북특별자치도 익산시 무왕로 895, (신동)층 (신동)",,원광대학교 치과병원,치과병원,196147.777505417    ,274170.300974594    ,,51,0,0,4913.35,,